name,final_multiple,cagr,maxdd,trades,exits,win_rate,profit_exits,hard_stops,trail_stops,sma_exits,in_position_end
p15% hard10.0% trail15% rsi70,193.68402544924422,0.39808403760737376,-0.437238311840737,283,141,0.5460992907801419,77,36,22,6,True
p15% hard7.5% trail15% rsi60,176.12950455158128,0.3896572475595166,-0.4825764747866159,271,135,0.5259259259259259,71,51,11,2,True
p15% hard7.5% trail15% rsi70,136.09890027682235,0.36704339025410304,-0.48091978601177987,317,158,0.5,79,63,13,3,True
p15% hard7.5% trail15% rsi65,131.0804636324338,0.3637791041801013,-0.4806875135543469,289,144,0.5069444444444444,73,52,16,3,True
p15% hard10.0% trail15% rsiNone,125.40087529937269,0.35994050707155356,-0.37261393512462704,289,144,0.5416666666666666,78,40,20,6,True
p15% hard10.0% trail12% rsi70,112.94550837401337,0.35091799783330013,-0.5090663018532492,309,154,0.487012987012987,70,23,56,5,True
p15% hard7.5% trail12% rsi65,110.96844975339407,0.3494007972827533,-0.46603557633406234,315,157,0.4585987261146497,69,39,45,4,True
p15% hard7.5% trail12% rsi70,98.62061533732404,0.33930953000602737,-0.507263477270149,333,166,0.4578313253012048,72,47,43,4,True
p12% hard7.5% trail15% rsiNone,96.87997004458089,0.337792769726299,-0.5172392992432471,377,188,0.5319148936170213,100,74,8,6,True
p15% hard7.5% trail15% rsi55,94.33756984373646,0.33553087936437054,-0.4611528648250698,251,125,0.52,65,45,12,3,True
p15% hard10.0% trail12% rsiNone,90.83905171941753,0.3323232081394649,-0.5075109783843165,319,159,0.4716981132075472,71,20,62,6,True
p15% hard7.5% trail12% rsi60,90.01530694414372,0.33155113445278106,-0.4630077194955129,293,146,0.4589041095890411,65,37,41,3,True
LIVE + QQQ ADX >= 20,86.18245911724445,0.3278693804728625,-0.37467356922170825,359,179,0.6145251396648045,110,46,19,4,True
p15% hard7.5% trail12% rsiNone,84.87995810847556,0.3265832496851835,-0.5250265865591207,339,169,0.4437869822485207,72,45,47,5,True
p15% hard7.5% trail15% rsiNone,84.21354844847835,0.3259180523039691,-0.4741640441865347,321,160,0.4875,78,65,13,4,True
LIVE + QQQ ADX >= 18,83.53258796733982,0.32523321942988215,-0.3746735692217078,367,183,0.6065573770491803,111,46,22,4,True
p8% hard10.0% trail15% rsiNone,77.75264681631707,0.3192003341784406,-0.4187619322181916,423,211,0.6682464454976303,141,53,10,7,True
p12% hard7.5% trail12% rsiNone,77.11392010528505,0.31850808097044836,-0.48248974277706635,389,194,0.4896907216494845,94,55,40,5,True
p15% hard10.0% trail12% rsi65,76.67670440252256,0.31803112353676166,-0.5003875763571832,303,151,0.48344370860927155,69,25,52,5,True
p15% hard5.0% trail15% rsi70,73.18639019566265,0.3141295591086184,-0.5651230357929948,375,187,0.42245989304812837,79,99,8,1,True
LIVE current swing,71.24834773604988,0.3118872606094427,-0.3473183443265061,395,197,0.5939086294416244,117,52,24,4,True
p8% hard7.5% trail12% rsi60,71.24834773604988,0.3118872606094427,-0.3473183443265061,395,197,0.5939086294416244,117,52,24,4,True
LIVE + QQQ ADX >= 15,69.4330480466409,0.3097345579477371,-0.3473183443265061,375,187,0.5989304812834224,112,50,21,4,True
p12% hard7.5% trail15% rsi60,69.02501256350754,0.3092434339895622,-0.4825764747866158,309,154,0.5454545454545454,84,58,9,3,True
p12% hard10.0% trail15% rsiNone,67.94814438736296,0.30793410885042816,-0.41437075738106166,325,162,0.5802469135802469,94,46,16,6,True
p10% hard10.0% trail12% rsiNone,65.49906469564105,0.3048824973029953,-0.4507539418867528,403,201,0.5572139303482587,111,32,52,6,True
p15% hard10.0% trail15% rsi65,61.83141740741469,0.30010655490850113,-0.4863121381100993,269,134,0.5298507462686567,71,40,19,4,True
p10% hard7.5% trail15% rsi60,61.44405916667468,0.2995867528662324,-0.46115286482507,339,169,0.5739644970414202,97,62,6,4,True
p6% hard7.5% trail15% rsiNone,57.317381900963234,0.2938501704100567,-0.5716651143994899,549,274,0.656934306569343,180,86,3,5,True
p8% hard7.5% trail15% rsi60,55.93558700035581,0.29184260036208065,-0.33073836644917176,383,191,0.612565445026178,117,67,3,4,True
p15% hard5.0% trail12% rsi70,55.336859662653055,0.29095826929677004,-0.5671751994252997,389,194,0.4020618556701031,75,92,27,0,True
p8% hard7.5% trail12% rsiNone,54.93840492329369,0.29036476555698654,-0.4882174082209747,489,244,0.5778688524590164,141,75,22,6,True
p10% hard7.5% trail12% rsi60,53.419625346031395,0.2880649362622332,-0.459586395157763,359,179,0.5363128491620112,96,49,31,3,True
p10% hard7.5% trail12% rsiNone,51.672094650589344,0.2853417149582711,-0.4882174082209745,425,212,0.5283018867924528,111,66,30,5,True
p6% hard7.5% trail12% rsiNone,49.64631124052083,0.2820748064346694,-0.5716651143994897,561,280,0.6357142857142857,178,79,18,5,True
p8% hard7.5% trail12% rsi65,48.78099692773821,0.2806411396405091,-0.3991268046893114,417,208,0.5817307692307693,121,56,26,5,True
p6% hard10.0% trail15% rsiNone,48.41838549533326,0.28003326687457175,-0.4543453799348319,479,239,0.7071129707112971,169,53,10,7,True
p6% hard7.5% trail15% rsi65,47.34070220255169,0.27820117147001056,-0.4814928396355149,471,235,0.6553191489361702,154,74,3,4,True
p8% hard7.5% trail15% rsiNone,45.91240948080581,0.27571190058118344,-0.4882174082209747,477,238,0.592436974789916,141,85,5,7,True
p12% hard7.5% trail12% rsi70,45.00400960714965,0.274090710152058,-0.4908800584337858,369,184,0.5,89,58,33,4,True
p12% hard7.5% trail15% rsi65,44.50009875734014,0.2731781354502958,-0.4840751913807876,321,160,0.525,84,57,14,5,True
LIVE + VIX <= 25 entry,43.777465301926696,0.27185242488082895,-0.4054672891962777,359,179,0.5921787709497207,106,47,22,4,True
p8% hard10.0% trail12% rsiNone,43.7310532299927,0.27176658066076564,-0.4507539418867528,459,229,0.6026200873362445,138,39,45,7,True
p10% hard7.5% trail15% rsi65,42.003474473240146,0.2685089652788124,-0.4897902360269125,361,180,0.5555555555555556,100,66,9,5,True
p15% hard10.0% trail15% rsi60,41.604885723517704,0.2677395713602553,-0.5183384179473884,253,126,0.5317460317460317,67,40,15,4,True
p12% hard7.5% trail15% rsi55,40.328780466860444,0.26522903089286,-0.4611528648250698,283,141,0.5460992907801419,77,51,10,3,True
p8% hard7.5% trail15% rsi65,39.81476506577614,0.2641967122333031,-0.43314040732849257,403,201,0.6069651741293532,122,70,4,5,True
p10% hard10.0% trail12% rsi70,39.607055607893635,0.2637760164718621,-0.47356102880419515,389,194,0.5618556701030928,108,35,46,5,True
p10% hard10.0% trail15% rsiNone,38.51857467140749,0.261537043559084,-0.41411933412681323,365,182,0.5989010989010989,109,50,18,5,True
p15% hard7.5% trail10% rsi60,38.38795665391863,0.2612643959573,-0.4026165101100625,347,173,0.4393063583815029,64,40,67,2,True
p8% hard7.5% trail12% rsi70,38.209071703769276,0.2608895847235604,-0.524399901432832,459,229,0.5764192139737991,132,72,20,5,True
p6% hard7.5% trail15% rsi70,38.18018676627804,0.26082890912153456,-0.5340754881985019,509,254,0.6496062992125984,165,82,3,4,True
p15% hard10.0% trail12% rsi60,37.90632635840279,0.26025149358483746,-0.5148566678345062,279,139,0.460431654676259,62,25,48,4,True
p12% hard7.5% trail15% rsi70,37.8859492806855,0.26020837394900553,-0.4826893431373287,351,175,0.5142857142857142,90,70,10,5,True
p12% hard7.5% trail10% rsiNone,37.52154520603654,0.2594335746077685,-0.4929408676301231,447,223,0.43946188340807174,93,50,76,4,True
p12% hard10.0% trail12% rsiNone,36.84002754278967,0.25796542251842225,-0.44460700035768963,359,179,0.49162011173184356,88,28,57,6,True
p10% hard10.0% trail12% rsi60,36.18677759990278,0.2565340966975336,-0.45117395301033103,337,168,0.5654761904761905,95,30,39,4,True
p6% hard7.5% trail15% rsi60,35.72352209832785,0.25550432706432646,-0.4028061986939283,431,215,0.6511627906976745,140,68,3,4,True
p10% hard10.0% trail15% rsi70,35.57578489842574,0.2551732916501237,-0.4516356426066933,351,175,0.6114285714285714,107,51,11,6,True
p12% hard7.5% trail12% rsi60,35.351699733213756,0.2546687178411686,-0.4595863951577631,323,161,0.484472049689441,78,46,34,3,True
p10% hard7.5% trail15% rsi70,35.17242833093247,0.2542628904306268,-0.5027869487557297,405,202,0.5495049504950495,111,79,7,5,True
p10% hard7.5% trail12% rsi70,34.8717466272975,0.2535778504470614,-0.5160753439948891,417,208,0.5288461538461539,109,69,26,4,True
p6% hard7.5% trail12% rsi60,34.47143328068979,0.2526571862580429,-0.36653378499686673,443,221,0.6334841628959276,140,60,17,4,True
p10% hard7.5% trail12% rsi65,34.22648648881526,0.2520888936068135,-0.4307009337857831,381,190,0.5210526315789473,98,58,30,4,True
p15% hard7.5% trail12% rsi55,34.16060573568544,0.25193539606657867,-0.5800156558447171,273,136,0.45588235294117646,59,41,33,3,True
p6% hard7.5% trail12% rsi65,33.54071415709302,0.250477361009686,-0.48847164845218793,485,242,0.628099173553719,152,66,20,4,True
p12% hard7.5% trail12% rsi65,33.41161706075283,0.2501705420553473,-0.4669090139068266,349,174,0.47701149425287354,82,51,37,4,True
p6% hard10.0% trail15% rsi70,32.777916332722185,0.24864816866527795,-0.5342755038682776,455,227,0.6960352422907489,158,53,9,7,True
p15% hard7.5% trail10% rsi70,32.37629134442142,0.24766899025148814,-0.4804341877887607,389,194,0.42783505154639173,71,45,75,3,True
p8% hard7.5% trail15% rsi55,32.11841050739035,0.24703425216161823,-0.3640898983751515,347,173,0.6127167630057804,106,59,5,3,True
p15% hard5.0% trail12% rsiNone,31.829802990720907,0.2463182008178788,-0.5648463010356468,411,205,0.3804878048780488,77,103,25,0,True
p8% hard10.0% trail15% rsi70,31.335504890183632,0.24507757672764563,-0.48598435983023425,389,194,0.654639175257732,127,53,8,6,True
p10% hard7.5% trail15% rsi55,31.300438367449406,0.24498886962508526,-0.4749722669427332,307,153,0.5751633986928104,88,55,7,3,True
p10% hard10.0% trail15% rsi60,31.03172140965041,0.24430599613370552,-0.5281987356159787,311,155,0.6193548387096774,96,45,10,4,True
p15% hard5.0% trail15% rsi55,30.54095895277867,0.2430444366293072,-0.5492348409757878,305,152,0.4276315789473684,65,83,3,1,True
p6% hard7.5% trail12% rsi70,30.23970247935273,0.2422605873959729,-0.534075488198502,519,259,0.6254826254826255,162,73,20,4,True
p8% hard7.5% trail12% rsi55,29.550121102552545,0.2404384553719081,-0.44022934265395863,359,179,0.5921787709497207,106,53,17,3,True
LIVE + QQQ ADX >= 25,29.411840631743832,0.240068279199406,-0.4443495565231462,291,145,0.6068965517241379,88,38,16,3,True
p12% hard5.0% trail15% rsi70,29.258287761378856,0.23965530445528227,-0.5666055419837757,437,218,0.44495412844036697,97,115,5,1,True
p10% hard7.5% trail15% rsiNone,28.79103550337519,0.23838604481589654,-0.5170150280814905,417,208,0.5432692307692307,113,80,8,7,True
p12% hard5.0% trail15% rsiNone,28.628198694786168,0.2379391736238845,-0.5520702174393077,451,225,0.4444444444444444,100,122,2,1,True
p15% hard10.0% trail15% rsi55,28.373369491633614,0.2372350492474129,-0.5247215672942569,229,114,0.5263157894736842,60,35,15,4,True
p15% hard10.0% trail10% rsi55,28.083878305096054,0.23642792890082132,-0.5570522664819133,309,154,0.487012987012987,59,14,78,3,True
p15% hard10.0% trail10% rsi70,27.828903249630926,0.23571056300833293,-0.4804341877887608,385,192,0.4322916666666667,71,18,99,4,True
p10% hard5.0% trail15% rsiNone,27.73478339774195,0.23544420308988068,-0.5360430051817742,487,243,0.4732510288065844,115,125,2,1,True
LIVE + early score <= 2 entry,27.147227430113972,0.2337620270279248,-0.4413252204360598,361,180,0.5833333333333334,105,50,21,4,True
p10% hard10.0% trail15% rsi55,27.073101679038487,0.2335473877616252,-0.5096795910450433,277,138,0.6304347826086957,87,38,9,4,True
p15% hard10.0% trail12% rsi55,26.916897750207347,0.23309327463507312,-0.5298075711306757,267,133,0.46616541353383456,60,24,45,4,True
p15% hard5.0% trail12% rsi55,26.583408888514345,0.23211544613328705,-0.5661701059947533,325,162,0.4074074074074074,64,80,18,0,True
p10% hard7.5% trail12% rsi55,26.556709942255072,0.23203666586021465,-0.47811933190982436,323,161,0.546583850931677,87,49,23,2,True
p10% hard5.0% trail12% rsi60,26.487517008098262,0.23183215339585916,-0.532938236605337,423,211,0.47393364928909953,100,100,11,0,True
p10% hard10.0% trail12% rsi65,26.402941403060346,0.23158149409373863,-0.43279758917203015,353,176,0.5511363636363636,96,30,45,5,True
p12% hard10.0% trail12% rsi70,26.337498211376413,0.23138702161899727,-0.47648006326236614,337,168,0.5119047619047619,83,32,48,5,True
p15% hard7.5% trail10% rsi55,25.962431706252442,0.2302636606064261,-0.5794461674141772,313,156,0.4807692307692308,59,41,54,2,True
p8% hard10.0% trail12% rsi60,25.96035194051864,0.23025738924445394,-0.4732215342739897,371,185,0.6,111,31,38,5,True
p8% hard10.0% trail15% rsi55,25.95515405409026,0.23024171338938593,-0.5159801797292856,313,156,0.6666666666666666,104,42,6,4,True
p10% hard5.0% trail15% rsi70,25.94585285099238,0.2302136553595595,-0.5337035599751221,471,235,0.4765957446808511,112,119,3,1,True
LIVE + SMA50 slope10 > 0,25.921837112993668,0.2301411658540058,-0.3923402357325685,340,170,0.5823529411764706,99,47,22,2,False
p6% hard7.5% trail10% rsiNone,25.537746136288558,0.2289731925130476,-0.5429869980837612,623,311,0.5819935691318328,181,64,61,5,True
p15% hard10.0% trail10% rsi60,25.49706244817098,0.228848516580352,-0.4026165101100625,341,170,0.4411764705882353,62,15,90,3,True
p8% hard10.0% trail15% rsi65,25.350602060006832,0.22839813828619038,-0.49752727799011376,359,179,0.659217877094972,118,49,8,4,True
p15% hard5.0% trail15% rsiNone,25.327562850917463,0.2283270690529824,-0.5641759376572946,395,197,0.39593908629441626,78,113,5,1,True
p15% hard5.0% trail12% rsi65,25.15504539031266,0.22779297114561392,-0.5414149737034916,373,186,0.3817204301075269,69,93,24,0,True
p15% hard5.0% trail15% rsi60,24.717503529269496,0.2264228460365072,-0.5424360632112026,331,165,0.4121212121212121,68,94,2,1,True
p12% hard10.0% trail10% rsiNone,24.459278860155973,0.2256035420516025,-0.4929408676301229,441,220,0.4409090909090909,92,16,107,5,True
p15% hard5.0% trail12% rsi60,24.355737902950402,0.22527274692409405,-0.5155247067151791,343,171,0.38596491228070173,65,84,22,0,True
p8% hard5.0% trail12% rsi70,24.315882950730224,0.2251450662833896,-0.5337035599751225,543,271,0.5055350553505535,137,125,8,1,True
p6% hard10.0% trail12% rsi70,24.221025321189757,0.22484038726528732,-0.5113986266917446,487,243,0.6502057613168725,158,40,40,5,True
p8% hard10.0% trail10% rsiNone,24.17050870046568,0.22467767359676172,-0.5737489307490506,527,263,0.532319391634981,139,26,93,5,True
p8% hard10.0% trail12% rsi70,24.11204455320495,0.22448896300795096,-0.47883081026991847,419,209,0.5980861244019139,125,38,40,6,True
p15% hard5.0% trail15% rsi65,23.864235336536705,0.22368429781707366,-0.523513351290245,357,178,0.398876404494382,71,100,6,1,True
p6% hard10.0% trail12% rsiNone,23.706785276978152,0.2231689645282886,-0.5477960406118891,527,263,0.6501901140684411,171,42,44,6,True
p10% hard5.0% trail12% rsi70,23.5151831918602,0.22253751130645694,-0.5337035599751224,489,244,0.4672131147540984,113,117,14,0,True
p8% hard7.5% trail10% rsi70,23.502939125205422,0.22249699556991587,-0.5060755445097327,511,255,0.5215686274509804,132,56,64,3,True
p10% hard5.0% trail12% rsiNone,23.47405601078487,0.22240134270571965,-0.5360430051817744,499,249,0.4578313253012048,113,119,17,0,True
p8% hard10.0% trail12% rsi65,23.397789935455506,0.2221482399318373,-0.48891445561170077,391,195,0.5897435897435898,115,30,44,6,True
p8% hard5.0% trail15% rsi70,23.36728527271737,0.2220467883458872,-0.5337035599751224,531,265,0.5132075471698113,136,127,1,1,True
p12% hard10.0% trail12% rsi60,23.24601323403396,0.22164223472882427,-0.48456550124621334,307,153,0.5032679738562091,77,30,42,4,True
p10% hard7.5% trail10% rsi70,23.076442547547487,0.22107323461935047,-0.4847949132931594,461,230,0.4782608695652174,107,51,69,3,True
p12% hard10.0% trail15% rsi70,23.074368085842718,0.22106624948303133,-0.4824155886525565,311,155,0.5612903225806452,87,50,13,5,True
LIVE + QQQ above EMA21 entry,23.029800521915554,0.22091603919532354,-0.31542086157077887,275,137,0.6131386861313869,84,39,12,2,True
p10% hard10.0% trail10% rsiNone,22.82285988197174,0.22021498174745258,-0.5238239172867035,467,233,0.48068669527896996,108,19,101,5,True
LIVE + trend efficiency20 >= 0.20,22.746582437697917,0.21995507278893633,-0.41953480937083887,258,129,0.6046511627906976,78,33,14,4,False
p12% hard10.0% trail15% rsi55,22.679959033995505,0.21972739058326685,-0.5450931368415612,251,125,0.584,73,36,12,4,True
p15% hard7.5% trail10% rsi65,22.56599521126757,0.2193364689770123,-0.4621312155827879,367,183,0.4207650273224044,65,39,76,3,True
p12% hard7.5% trail10% rsi60,22.403046845748015,0.2187742959172556,-0.3974694371976014,371,185,0.43243243243243246,78,43,62,2,True
p8% hard7.5% trail10% rsiNone,21.741260961148264,0.21645106336365427,-0.6013186186194261,545,272,0.5147058823529411,139,62,67,4,True
p10% hard7.5% trail10% rsiNone,21.629416856333812,0.21605190102588323,-0.565532171300146,481,240,0.4666666666666667,108,51,77,4,True
p8% hard7.5% trail10% rsi60,21.121012182834882,0.21421273325442525,-0.40337294233204957,431,215,0.5302325581395348,112,49,52,2,True
p6% hard10.0% trail10% rsiNone,20.80754468541911,0.21305798527799213,-0.5429869980837613,599,299,0.5953177257525084,178,29,87,5,True
p8% hard10.0% trail15% rsi60,20.608759435073907,0.21231723230125432,-0.5028184973230454,347,173,0.653179190751445,113,49,7,4,True
p12% hard7.5% trail12% rsi55,20.028130038309197,0.2101146208124336,-0.587818477935186,295,147,0.4965986394557823,72,47,26,2,True
p10% hard7.5% trail10% rsi60,19.890696487874454,0.2095845225118269,-0.4360823897946805,399,199,0.47738693467336685,93,46,58,2,True
p15% hard10.0% trail10% rsiNone,19.87383768182529,0.20951926000166377,-0.493256280166119,399,199,0.4221105527638191,73,23,98,5,True
p10% hard10.0% trail15% rsi65,19.752555669522554,0.20904822872943418,-0.47174999001757767,321,160,0.60625,97,48,11,4,True
p15% hard7.5% trail10% rsiNone,19.728971818136042,0.2089563201020661,-0.49325628016611944,407,203,0.4088669950738916,73,49,77,4,True
p12% hard10.0% trail12% rsi65,19.70083365633779,0.20884652818241256,-0.5183812752435459,321,160,0.49375,78,31,46,5,True
p12% hard10.0% trail15% rsi65,19.524417154004336,0.20815480613696136,-0.48783537326833404,289,144,0.5555555555555556,80,44,16,4,True
p6% hard5.0% trail15% rsiNone,19.356044353813974,0.2074891430390935,-0.5808498623783147,649,324,0.5679012345679012,184,139,1,0,True
p10% hard5.0% trail15% rsi60,18.90863521823624,0.2056936032937553,-0.5173797381735395,411,205,0.47804878048780486,98,106,0,1,True
p8% hard7.5% trail15% rsi70,18.889168126565888,0.20561457809387806,-0.5243999014328321,449,224,0.5803571428571429,130,84,5,5,True
p8% hard5.0% trail15% rsiNone,18.85423383848031,0.20547257355709503,-0.5360430051817745,575,287,0.5087108013937283,146,139,1,1,True
p15% hard10.0% trail10% rsi65,18.84289400238939,0.20542642523909094,-0.503422977066962,365,182,0.42857142857142855,66,17,95,4,True
p8% hard7.5% trail10% rsi55,18.80345689032197,0.20526573020215788,-0.48802122960920913,389,194,0.5515463917525774,105,43,44,2,True
p12% hard5.0% trail12% rsiNone,18.421694781668613,0.20369363328610812,-0.5601123477119161,465,232,0.4224137931034483,97,116,19,0,True
p6% hard7.5% trail10% rsi70,18.08885968587231,0.20229792357831378,-0.525315833122558,567,283,0.5759717314487632,162,60,57,4,True
p6% hard7.5% trail15% rsi55,17.751674717653547,0.2008592343378186,-0.4376195857233638,389,194,0.6494845360824743,126,61,4,3,True
p12% hard7.5% trail10% rsi70,17.573506533504702,0.20008866718690088,-0.495791702944426,421,210,0.43333333333333335,87,52,68,3,True
p6% hard5.0% trail12% rsiNone,17.50144598960692,0.19977493004000446,-0.5808498623783144,653,326,0.5613496932515337,183,138,5,0,True
p8% hard5.0% trail15% rsi60,17.45930174753408,0.1995908814294507,-0.49210951142886283,465,232,0.5129310344827587,119,112,0,1,True
p12% hard10.0% trail15% rsi60,17.44714858811149,0.19953772994634034,-0.5069828165374539,279,139,0.5611510791366906,78,45,12,4,True
p6% hard10.0% trail12% rsi65,17.147160998246733,0.1982146316113993,-0.519926609690994,441,220,0.6454545454545455,142,34,39,5,True
p10% hard10.0% trail10% rsi60,17.03736343388761,0.19772494430704768,-0.4172411617485281,385,192,0.484375,91,14,84,3,True
p6% hard7.5% trail8% rsiNone,16.908287331391726,0.197145483399219,-0.5037806283080909,693,346,0.5317919075144508,181,49,114,2,True
p8% hard5.0% trail12% rsi60,16.77741197840932,0.1965537005443312,-0.5117356577695806,471,235,0.502127659574468,118,110,6,1,True
p12% hard5.0% trail12% rsi70,16.520429174749303,0.19537900894307803,-0.5625252449349633,447,223,0.4304932735426009,93,113,17,0,True
LIVE + macro balanced,16.022980988346305,0.19305568276512597,-0.3304362500480894,259,129,0.6046511627906976,78,38,11,2,True
p8% hard5.0% trail12% rsiNone,15.970020491277264,0.1928043664063095,-0.5360430051817746,587,293,0.4948805460750853,145,137,10,1,True
p8% hard5.0% trail15% rsi65,15.780456197734429,0.1918983751436245,-0.5150959583331374,487,243,0.5061728395061729,123,118,1,1,True
p10% hard5.0% trail15% rsi55,15.671984364965256,0.19137535718500032,-0.5339015623238094,373,186,0.489247311827957,91,93,1,1,True
p6% hard10.0% trail15% rsi65,15.628994943114538,0.19116713694702514,-0.49752727799011376,407,203,0.6896551724137931,140,51,7,5,True
LIVE + early score <= 1 entry,15.556598463871362,0.19081526787772285,-0.37871326698521435,285,142,0.5915492957746479,84,41,15,2,True
p12% hard5.0% trail15% rsi55,15.432405917952616,0.19020806725774841,-0.5492348409757877,341,170,0.45294117647058824,77,90,2,1,True
p10% hard10.0% trail10% rsi70,15.424844002279338,0.1901709480185816,-0.48479491329315927,449,224,0.48214285714285715,105,19,96,4,True
p8% hard5.0% trail10% rsi70,15.247470665705812,0.18929535055163504,-0.5337035599751223,559,279,0.4874551971326165,134,115,30,0,True
p8% hard10.0% trail10% rsi70,15.217656509405836,0.18914723840660352,-0.5060755445097327,493,246,0.524390243902439,128,20,94,4,True
p12% hard5.0% trail10% rsiNone,15.00379592427447,0.1880767768394811,-0.5371370145014323,499,249,0.40562248995983935,97,110,42,0,True
p12% hard7.5% trail10% rsi55,14.892005073833568,0.18751151770268493,-0.5718254758269277,335,167,0.46706586826347307,72,41,52,2,True
LIVE + ADX18 and SMA20 above SMA50,14.871769127241203,0.18740877216716445,-0.3439219626353184,284,142,0.5845070422535211,83,37,20,2,False
p6% hard10.0% trail8% rsiNone,14.779108354071312,0.18693661998093813,-0.5360972415680898,693,346,0.5289017341040463,180,13,151,2,True
p6% hard5.0% trail15% rsi70,14.700649053325545,0.18653465903262711,-0.5928090546891757,609,304,0.5625,171,132,1,0,True
LIVE + VIX 5d spike <= 25%,14.533369077153392,0.18567090354618965,-0.46491157725610166,357,178,0.5617977528089888,100,53,21,4,True
p12% hard5.0% trail12% rsi60,14.314848321945567,0.18452843253859474,-0.532938236605337,397,198,0.41919191919191917,83,99,16,0,True
p15% hard7.5% trail8% rsi70,14.298533617738572,0.1844424820954882,-0.5811836011258684,475,237,0.42616033755274263,67,46,123,1,True
p15% hard10.0% trail8% rsi70,14.298533617738572,0.1844424820954882,-0.5811836011258684,475,237,0.42616033755274263,67,10,159,1,True
p12% hard5.0% trail15% rsi65,14.297274164334684,0.18443584312371586,-0.5251377059116142,407,203,0.42857142857142855,87,111,4,1,True
p6% hard7.5% trail12% rsi55,14.223057363279048,0.18404365304817993,-0.43761958572336324,397,198,0.6313131313131313,125,58,12,3,True
p15% hard5.0% trail10% rsi70,14.111072520299379,0.1834482398599666,-0.5984136073085563,429,214,0.38317757009345793,69,90,55,0,True
p8% hard10.0% trail10% rsi55,14.080727462689099,0.18328613606620037,-0.46075907914191105,377,188,0.5478723404255319,101,14,70,3,True
LIVE + VIX 5d spike <= 15%,14.032642028723258,0.18302859179132258,-0.5143534663953382,347,173,0.5780346820809249,100,54,15,4,True
p8% hard5.0% trail15% rsi55,14.017030677843044,0.18294480010708614,-0.48863446098089114,417,208,0.5192307692307693,108,99,0,1,True
p6% hard10.0% trail10% rsi70,13.994959265439798,0.18282618574246712,-0.5339282952006712,551,275,0.5890909090909091,161,24,86,4,True
p15% hard5.0% trail8% rsi70,13.98886928658461,0.18279342664678566,-0.5556951753206933,487,243,0.411522633744856,65,87,91,0,True
p10% hard10.0% trail12% rsi55,13.96013871841028,0.1826386994020468,-0.4579541913851751,305,152,0.5592105263157895,84,27,38,3,True
p15% hard5.0% trail10% rsi60,13.895644018285166,0.1822902771616559,-0.5056836143492887,385,192,0.3958333333333333,63,83,46,0,True
p12% hard7.5% trail10% rsi65,13.894807917465114,0.18228575032676497,-0.4356358601160225,393,196,0.42346938775510207,79,45,69,3,True
p10% hard7.5% trail10% rsi55,13.664395125281008,0.18102841881034348,-0.5651609560276174,357,178,0.4943820224719101,85,42,49,2,True
p10% hard10.0% trail10% rsi55,13.642911462508058,0.18091017552594524,-0.4413815774674652,345,172,0.5,83,13,73,3,True
p12% hard5.0% trail15% rsi60,13.46856890008642,0.1799441164804465,-0.5173797381735397,385,192,0.4375,84,106,1,1,True
p8% hard10.0% trail10% rsi60,13.35002030868033,0.179280509551079,-0.40337294233204957,419,209,0.5263157894736842,108,16,82,3,True
p10% hard5.0% trail12% rsi55,13.193191862935395,0.1783940915026272,-0.5339015623238094,377,188,0.4787234042553192,89,89,10,0,True
p12% hard7.5% trail8% rsiNone,13.156163079343372,0.1781833598404925,-0.4796929509110682,541,270,0.42592592592592593,90,45,133,2,True
p12% hard10.0% trail8% rsiNone,13.156163079343372,0.1781833598404925,-0.4796929509110682,541,270,0.42592592592592593,90,10,168,2,True
p6% hard10.0% trail12% rsi60,12.602333423395814,0.17496340552920153,-0.5021103711707131,413,206,0.6456310679611651,133,32,37,4,True
p12% hard10.0% trail10% rsi55,12.531963941583195,0.17454482980430397,-0.5490257837706334,327,163,0.4662576687116564,70,14,76,3,True
p8% hard7.5% trail10% rsi65,12.493753310461889,0.17431662029032458,-0.4358237147449334,473,236,0.5084745762711864,118,50,65,3,True
p12% hard10.0% trail10% rsi60,12.28297424393064,0.17304589268945714,-0.3974694371976014,363,181,0.430939226519337,75,17,86,3,True
p12% hard10.0% trail12% rsi55,12.281316584030895,0.17303581844075788,-0.5458541255205109,279,139,0.5107913669064749,70,28,38,3,True
p8% hard5.0% trail10% rsiNone,12.192877669134102,0.17249648588523803,-0.5769228602556283,609,304,0.48026315789473684,145,127,32,0,True
p12% hard10.0% trail10% rsi70,12.056047795606927,0.17165478655039212,-0.495791702944426,413,206,0.4320388349514563,85,16,101,4,True
p8% hard5.0% trail8% rsi70,11.967638150080607,0.1711061708020647,-0.5664457483206715,607,303,0.45874587458745875,130,100,73,0,True
p8% hard10.0% trail12% rsi55,11.90184993019504,0.17069546147827452,-0.511098958292743,343,171,0.5964912280701754,102,30,35,4,True
LIVE + SMA20 above SMA50,11.896054421447962,0.1706591788790086,-0.3863219356442288,314,157,0.5668789808917197,89,45,21,2,False
p10% hard7.5% trail8% rsi70,11.79436775382374,0.17001986509138955,-0.5275010500899664,545,272,0.45588235294117646,106,47,118,1,True
p10% hard10.0% trail8% rsi70,11.79436775382374,0.17001986509138955,-0.5275010500899664,545,272,0.45588235294117646,106,13,152,1,True
p6% hard10.0% trail10% rsi55,11.435969625850243,0.1677246683473539,-0.433410603237971,421,210,0.6047619047619047,125,13,69,3,True
p6% hard5.0% trail12% rsi70,11.178214140997033,0.1660319697715671,-0.5928090546891757,613,306,0.5490196078431373,168,131,7,0,True
p10% hard5.0% trail15% rsi65,10.761386357841618,0.16321570167028399,-0.5240566716430937,437,218,0.45871559633027525,100,114,3,1,True
p6% hard7.5% trail10% rsi55,10.737830325154931,0.16305351394219336,-0.4620553977819801,429,214,0.5981308411214953,126,44,41,3,True
p8% hard5.0% trail12% rsi65,10.603343334480074,0.16212111534914353,-0.5369847795976364,493,246,0.483739837398374,119,116,10,1,True
p10% hard5.0% trail8% rsi70,10.522263637519597,0.16155362469455525,-0.5664457483206715,561,280,0.4357142857142857,104,95,81,0,True
p6% hard5.0% trail15% rsi65,10.476372841157973,0.16123060991830962,-0.5689874655882682,563,281,0.5587188612099644,157,123,1,0,True
p6% hard5.0% trail15% rsi60,10.382186364614213,0.16056348184308988,-0.5142489064541627,515,257,0.5603112840466926,144,113,0,0,True
p15% hard10.0% trail8% rsiNone,10.312605264778563,0.16006698535256092,-0.4979643096193198,493,246,0.42276422764227645,66,11,167,2,True
p6% hard5.0% trail12% rsi60,10.105387218203896,0.15856957649222392,-0.5142489064541627,519,259,0.555984555984556,144,112,3,0,True
p10% hard5.0% trail12% rsi65,10.052306300487077,0.15818137583425607,-0.4716295731126716,449,224,0.44642857142857145,99,109,16,0,True
p12% hard5.0% trail12% rsi55,10.010481353540511,0.15787413987393428,-0.5649550008052856,351,175,0.42857142857142855,74,87,14,0,True
p12% hard5.0% trail10% rsi60,9.774282445698399,0.15611618615638,-0.4713550818605814,419,209,0.3923444976076555,80,91,38,0,True
p6% hard10.0% trail15% rsi60,9.645294877522621,0.15513930725103786,-0.4745369963716428,377,188,0.6861702127659575,129,48,7,4,True
p15% hard7.5% trail8% rsiNone,9.532142893734072,0.1542722330317592,-0.4979643096193198,495,247,0.42105263157894735,66,47,132,2,True
p10% hard5.0% trail10% rsi70,9.397559317565516,0.1532282926169799,-0.5497267417285625,505,252,0.43253968253968256,105,108,39,0,True
p6% hard7.5% trail10% rsi60,9.379340835572984,0.15308590073488526,-0.4021459111496347,485,242,0.5743801652892562,137,52,50,3,True
p6% hard7.5% trail8% rsi70,9.243557491843495,0.15201641392941778,-0.5976786275861576,635,317,0.5236593059936908,161,50,105,1,True
p6% hard10.0% trail8% rsi70,9.243557491843495,0.15201641392941778,-0.5976786275861576,635,317,0.5236593059936908,161,13,142,1,True
p8% hard7.5% trail8% rsi70,9.210643000689744,0.15175495102718073,-0.556917955808139,585,292,0.4691780821917808,128,48,115,1,True
p8% hard10.0% trail8% rsi70,9.210643000689744,0.15175495102718073,-0.556917955808139,585,292,0.4691780821917808,128,12,151,1,True
p12% hard5.0% trail12% rsi65,9.209357560768893,0.15174472213426493,-0.521479291202696,425,212,0.4056603773584906,85,109,18,0,True
p8% hard5.0% trail12% rsi55,9.133831479653601,0.15114136376521792,-0.48863446098089114,419,209,0.5023923444976076,105,99,4,1,True
p12% hard5.0% trail8% rsiNone,9.056713721111098,0.15052045024233918,-0.4906564678170434,563,281,0.4092526690391459,89,101,91,0,True
p15% hard5.0% trail10% rsi55,8.9987687157263,0.15005064010275104,-0.579854558563854,357,178,0.4044943820224719,59,81,38,0,True
p6% hard10.0% trail10% rsi60,8.9281654033271,0.1494743545165702,-0.3976040473319954,471,235,0.5829787234042553,135,17,80,3,True
p6% hard10.0% trail10% rsi65,8.765225488548923,0.14812793057004736,-0.602162182694721,517,258,0.5775193798449613,147,20,87,4,True
p10% hard5.0% trail10% rsiNone,8.755740286853447,0.14804883134641833,-0.5422598585229804,523,261,0.42528735632183906,107,115,39,0,True
p15% hard5.0% trail10% rsi65,8.704839166633343,0.14762297997807572,-0.5496171833909625,409,204,0.38235294117647056,64,91,49,0,True
p8% hard10.0% trail10% rsi65,8.6805623615814,0.1474190523525276,-0.45096884676829896,457,228,0.5043859649122807,113,16,95,4,True
p12% hard10.0% trail10% rsi65,8.564774694683033,0.1464390164393099,-0.49286751563393183,383,191,0.42408376963350786,77,16,94,4,True
p6% hard5.0% trail15% rsi55,8.541949560532903,0.14624435982982642,-0.5270455863113208,457,228,0.5701754385964912,130,98,0,0,True
p15% hard5.0% trail10% rsiNone,8.492264347262438,0.145818946367527,-0.5589742486316976,443,221,0.37104072398190047,70,98,53,0,True
p12% hard7.5% trail8% rsi70,8.419967357365094,0.14519574537418412,-0.592327605201214,503,251,0.4342629482071713,82,47,121,1,True
p12% hard10.0% trail8% rsi70,8.419967357365094,0.14519574537418412,-0.592327605201214,503,251,0.4342629482071713,82,9,159,1,True
p8% hard7.5% trail8% rsiNone,8.396789321835875,0.14499488945986894,-0.5102716167467731,627,313,0.45686900958466453,135,49,127,2,True
p8% hard10.0% trail8% rsiNone,8.396789321835875,0.14499488945986894,-0.5102716167467731,627,313,0.45686900958466453,135,12,164,2,True
p10% hard7.5% trail8% rsiNone,8.287090936613735,0.14403716713577475,-0.4889449396084188,573,286,0.42657342657342656,108,47,129,2,True
p10% hard10.0% trail8% rsiNone,8.287090936613735,0.14403716713577475,-0.4889449396084188,573,286,0.42657342657342656,108,13,163,2,True
p6% hard7.5% trail10% rsi65,8.226429907634703,0.14350245628520764,-0.5151925579123352,537,268,0.5634328358208955,149,57,58,4,True
p10% hard5.0% trail8% rsiNone,8.087594500687143,0.1422646294917107,-0.49469736050981084,595,297,0.4107744107744108,107,100,90,0,True
p6% hard5.0% trail12% rsi65,7.966120313095808,0.14116516119808664,-0.6476092711076886,567,283,0.5441696113074205,154,122,7,0,True
p6% hard10.0% trail15% rsi55,7.965349890272623,0.14115813809924438,-0.5398012542474752,347,173,0.6936416184971098,120,43,6,4,True
p12% hard5.0% trail10% rsi70,7.956338855749417,0.14107594713233018,-0.5607638420110386,469,234,0.3974358974358974,88,107,39,0,True
p15% hard5.0% trail8% rsiNone,7.720561820569288,0.1388938135634903,-0.49247262185748986,507,253,0.40711462450592883,64,91,98,0,True
p15% hard7.5% trail8% rsi65,7.695189895294187,0.13865528785854342,-0.5668480265846161,453,226,0.41150442477876104,60,40,125,1,True
p15% hard10.0% trail8% rsi65,7.695189895294187,0.13865528785854342,-0.5668480265846161,453,226,0.41150442477876104,60,10,155,1,True
p10% hard5.0% trail10% rsi60,7.5572694714764035,0.13734564986836828,-0.5029295217077334,447,223,0.4304932735426009,94,96,33,0,True
p6% hard5.0% trail10% rsi70,7.269112454003486,0.13453561021213334,-0.5928090546891757,633,316,0.5253164556962026,165,128,23,0,True
p15% hard7.5% trail8% rsi55,7.23254765946891,0.1341716087592082,-0.5722782366301412,387,193,0.42487046632124353,53,35,104,1,True
p15% hard10.0% trail8% rsi55,7.23254765946891,0.1341716087592082,-0.5722782366301412,387,193,0.42487046632124353,53,9,130,1,True
p10% hard10.0% trail10% rsi65,7.1778141661588,0.13362350534243816,-0.520145662354954,413,206,0.46116504854368934,92,16,94,4,True
p6% hard5.0% trail10% rsiNone,7.110322739475921,0.13294222968107028,-0.5808498623783145,681,340,0.5323529411764706,180,136,24,0,True
p10% hard7.5% trail10% rsi65,7.0711255501914625,0.13254377846338494,-0.4659924400757598,425,212,0.4528301886792453,93,48,68,3,True
p12% hard5.0% trail10% rsi65,6.6366569584856006,0.12798315622530199,-0.49542362647633875,443,221,0.3891402714932127,81,100,40,0,True
p12% hard5.0% trail8% rsi70,6.48584309730231,0.1263344732244578,-0.5654332867166227,519,259,0.416988416988417,81,96,82,0,True
p8% hard5.0% trail10% rsi55,6.482515127727236,0.12629768888422488,-0.5154512876163251,435,217,0.48847926267281105,104,92,21,0,True
p6% hard5.0% trail12% rsi55,6.452058240351322,0.12596022238872284,-0.5270455863113207,459,229,0.5545851528384279,127,97,5,0,True
p12% hard5.0% trail10% rsi55,6.404123352207187,0.12542606397550848,-0.5664072205613279,379,189,0.4126984126984127,73,86,30,0,True
LIVE + VIX <= 20 entry,6.285034253378044,0.12408262506021428,-0.5293765864787612,305,152,0.5460526315789473,83,45,22,2,True
p6% hard5.0% trail8% rsiNone,6.283561436240831,0.12406586153317178,-0.5398365097285762,725,362,0.4972375690607735,177,120,65,0,True
p10% hard5.0% trail10% rsi55,6.130303615675065,0.12230105692571747,-0.5626163355176277,401,200,0.445,86,86,28,0,True
p15% hard5.0% trail8% rsi65,5.9571041092466155,0.12025619045441882,-0.5543177892368267,469,234,0.39316239316239315,58,84,92,0,True
LIVE + trend efficiency20 >= 0.30,5.824947220676306,0.11865809456143461,-0.2716052772062455,142,71,0.647887323943662,46,21,4,0,False
p8% hard5.0% trail10% rsi65,5.680695662389707,0.11687451851907404,-0.5405251017305293,523,261,0.4674329501915709,119,111,31,0,True
p8% hard5.0% trail8% rsiNone,5.615401783250666,0.11605321845119398,-0.49469736050981095,659,329,0.44072948328267475,136,111,82,0,True
LIVE + QQQ EMA21 slope5 > 0,5.531378015015872,0.11498306540805014,-0.4415713953804692,283,141,0.5602836879432624,79,46,14,2,True
LIVE + ADX18 and EMA21 slope,5.3734926848488325,0.1129303529092609,-0.3654832277045328,255,127,0.5669291338582677,72,43,10,2,True
p6% hard5.0% trail8% rsi70,5.238692676327156,0.11113258442585683,-0.6026903369969141,665,332,0.49698795180722893,160,114,58,0,True
p15% hard7.5% trail8% rsi60,5.21401760603824,0.11079882059748125,-0.544903050620626,425,212,0.41509433962264153,55,40,116,1,True
p15% hard10.0% trail8% rsi60,5.21401760603824,0.11079882059748125,-0.544903050620626,425,212,0.41509433962264153,55,10,146,1,True
p8% hard5.0% trail10% rsi60,5.198904090684297,0.11059365864566506,-0.5195105999308329,489,244,0.4713114754098361,113,106,25,0,True
p8% hard5.0% trail8% rsi65,5.067074169433757,0.10878003906263611,-0.5369838218002727,573,286,0.4370629370629371,118,97,71,0,True
p10% hard5.0% trail8% rsi60,4.841804254038931,0.10557613841279734,-0.5239796595127061,503,251,0.4103585657370518,91,87,73,0,True
p6% hard7.5% trail8% rsi65,4.797941608016713,0.10493610376577767,-0.5982375690536252,597,298,0.5067114093959731,147,46,104,1,True
p6% hard10.0% trail8% rsi65,4.797941608016713,0.10493610376577767,-0.5982375690536252,597,298,0.5067114093959731,147,13,137,1,True
p6% hard10.0% trail12% rsi55,4.5287029719204535,0.10088306845085038,-0.5369854731340086,371,185,0.6324324324324324,117,32,33,3,True
p8% hard7.5% trail8% rsi65,4.468306152316901,0.09994294161717887,-0.5883650744771429,553,276,0.44565217391304346,116,44,115,1,True
p8% hard10.0% trail8% rsi65,4.468306152316901,0.09994294161717887,-0.5883650744771429,553,276,0.44565217391304346,116,11,148,1,True
p12% hard7.5% trail8% rsi65,4.3902748724437295,0.09871054392428658,-0.58739387059909,485,242,0.4132231404958678,76,45,120,1,True
p12% hard10.0% trail8% rsi65,4.3902748724437295,0.09871054392428658,-0.58739387059909,485,242,0.4132231404958678,76,10,155,1,True
p10% hard7.5% trail8% rsi55,4.337280621034049,0.09786182222359652,-0.5603876290060108,439,219,0.4337899543378995,85,38,95,1,True
p10% hard10.0% trail8% rsi55,4.337280621034049,0.09786182222359652,-0.5603876290060108,439,219,0.4337899543378995,85,9,124,1,True
p6% hard5.0% trail10% rsi60,4.323290015424482,0.09763613771344737,-0.4847127428209347,535,267,0.5280898876404494,139,110,18,0,True
p12% hard7.5% trail8% rsi60,4.313875227254029,0.09748388112360318,-0.5251211547415645,459,229,0.4148471615720524,73,41,114,1,True
p12% hard10.0% trail8% rsi60,4.313875227254029,0.09748388112360318,-0.5251211547415645,459,229,0.4148471615720524,73,10,145,1,True
p10% hard7.5% trail8% rsi60,4.299308097965246,0.09724768626561886,-0.5782747127629098,489,244,0.42213114754098363,91,42,110,1,True
p10% hard10.0% trail8% rsi60,4.299308097965246,0.09724768626561886,-0.5782747127629098,489,244,0.42213114754098363,91,10,142,1,True
p15% hard5.0% trail8% rsi60,4.294421481904508,0.09716828565013902,-0.514880114424478,437,218,0.39908256880733944,53,79,86,0,True
p12% hard5.0% trail8% rsi60,4.220580048641634,0.09595805481634989,-0.506769038690881,473,236,0.4025423728813559,73,88,75,0,True
p12% hard5.0% trail8% rsi65,4.13578614160217,0.09454361670163491,-0.5601740715781641,501,250,0.4,76,93,81,0,True
p15% hard5.0% trail8% rsi55,4.127651993907991,0.09440650781261262,-0.551300414370069,401,200,0.4,51,73,76,0,True
p12% hard7.5% trail8% rsi55,4.059113975304736,0.09324108109743245,-0.599547582572936,413,206,0.41262135922330095,68,36,101,1,True
p12% hard10.0% trail8% rsi55,4.059113975304736,0.09324108109743245,-0.599547582572936,413,206,0.41262135922330095,68,9,128,1,True
p6% hard5.0% trail10% rsi55,3.980710856027268,0.09188509474556472,-0.5078542243031772,473,236,0.538135593220339,125,94,17,0,True
p10% hard5.0% trail10% rsi65,3.8278501953894843,0.08916787645639213,-0.49509425930991235,469,234,0.41452991452991456,93,104,37,0,True
p8% hard7.5% trail8% rsi55,3.7739855055231177,0.08818612783429991,-0.5228451137945249,459,229,0.44541484716157204,99,36,93,1,True
p8% hard10.0% trail8% rsi55,3.7739855055231177,0.08818612783429991,-0.5228451137945249,459,229,0.44541484716157204,99,8,121,1,True
LIVE + macro strict,3.767676233438075,0.08807027659004474,-0.45564491096570026,239,119,0.5462184873949579,65,40,12,2,True
p10% hard5.0% trail8% rsi65,3.6742457836353823,0.08633309788409727,-0.5087304440359841,527,263,0.40304182509505704,93,91,79,0,True
p8% hard5.0% trail8% rsi55,3.3979033105580627,0.0809416078184566,-0.4994428199423696,471,235,0.4340425531914894,99,83,53,0,True
p10% hard7.5% trail8% rsi65,3.355460469828324,0.08007738265005249,-0.49120751180615685,511,255,0.41568627450980394,93,42,119,1,True
p10% hard10.0% trail8% rsi65,3.355460469828324,0.08007738265005249,-0.49120751180615685,511,255,0.41568627450980394,93,12,149,1,True
p10% hard5.0% trail8% rsi55,3.0827398712203533,0.07426698546931498,-0.5500572992506554,449,224,0.41517857142857145,82,84,58,0,True
p8% hard5.0% trail8% rsi60,2.891904179976349,0.06990752056985872,-0.5028444207935563,533,266,0.42857142857142855,109,96,61,0,True
p6% hard5.0% trail10% rsi65,2.767107868418943,0.06690851874555626,-0.5549674285366231,591,295,0.511864406779661,149,120,26,0,True
p6% hard5.0% trail8% rsi65,2.610716429116821,0.06296611846347355,-0.5684716288414742,621,310,0.4806451612903226,145,104,61,0,True
p8% hard7.5% trail8% rsi60,2.555461111273139,0.06152016767355817,-0.575572583650504,515,257,0.4357976653696498,107,44,105,1,True
p8% hard10.0% trail8% rsi60,2.555461111273139,0.06152016767355817,-0.575572583650504,515,257,0.4357976653696498,107,10,139,1,True
p12% hard5.0% trail8% rsi55,2.299914205267921,0.05442715275950105,-0.5848522140428942,423,211,0.3933649289099526,65,81,65,0,True
p6% hard5.0% trail8% rsi60,2.094500477263385,0.0481685431428156,-0.5423319432174183,563,281,0.4804270462633452,130,95,56,0,True
p6% hard7.5% trail8% rsi55,2.053720394216397,0.04685794961318401,-0.6105138133695536,483,241,0.4854771784232365,114,36,90,1,True
p6% hard10.0% trail8% rsi55,2.053720394216397,0.04685794961318401,-0.6105138133695536,483,241,0.4854771784232365,114,8,118,1,True
p6% hard5.0% trail8% rsi55,1.7030575840043587,0.03445994310898559,-0.5635239555696205,499,249,0.4738955823293173,115,83,51,0,True
p6% hard7.5% trail8% rsi60,1.6708005753792654,0.0332019788219462,-0.5980875906750899,539,269,0.48698884758364314,126,43,99,1,True
p6% hard10.0% trail8% rsi60,1.6708005753792654,0.0332019788219462,-0.5980875906750899,539,269,0.48698884758364314,126,10,132,1,True
