name,profit,hard_stop,trail,reentry_drop,timeout_days,rsi_max,recent_final,recent_return,recent_maxdd,recent_win_rate,recent_trades,full_multiple,full_cagr,full_maxdd,full_win_rate,full_trades,qqq_adx_min,require_qqq_ema21,max_early_score,vix_max,score
CURRENT,0.08,0.075,0.12,0.03,3,60.0,805.8532024408626,-0.19414679755913744,-0.28725770385795213,0.3333333333333333,19,71.24834773604988,0.3118872606094427,-0.3473183443265061,0.5939086294416244,395,,,,,0.0
p8% h7.5% tr12% rsi60,0.08,0.075,0.12,0.03,3,60.0,805.8532024408626,-0.19414679755913744,-0.28725770385795213,0.3333333333333333,19,71.24834773604988,0.3118872606094427,-0.3473183443265061,0.5939086294416244,395,,,,,0.0
p8% h7.5% tr12% rsi70,0.08,0.075,0.12,0.03,3,70.0,842.1524436295856,-0.15784755637041437,-0.3120529851085687,0.36363636363636365,23,38.209071703769276,0.2608895847235604,-0.524399901432832,0.5764192139737991,459,,,,,-0.10193478848939218
p8% h7.5% tr12% rsiNone,0.08,0.075,0.12,0.03,3,,842.1524436295856,-0.15784755637041437,-0.3120529851085687,0.36363636363636365,23,54.93840492329369,0.29036476555698654,-0.4882174082209747,0.5778688524590164,489,,,,,-0.048473324883352154
p8% h7.5% tr15% rsi60,0.08,0.075,0.15,0.03,3,60.0,842.9780976540054,-0.15702190234599456,-0.2878343073840963,0.375,17,55.93558700035581,0.29184260036208065,-0.33073836644917176,0.612565445026178,383,,,,,0.057909583541974265
p8% h7.5% tr15% rsi70,0.08,0.075,0.15,0.03,3,70.0,888.3283496913812,-0.11167165030861881,-0.3260637802002857,0.45454545454545453,23,18.889168126565888,0.20561457809387806,-0.5243999014328321,0.5803571428571429,449,,,,,-0.0899237794131369
p8% h7.5% tr15% rsiNone,0.08,0.075,0.15,0.03,3,,888.3283496913812,-0.11167165030861881,-0.3260637802002857,0.45454545454545453,23,45.91240948080581,0.27571190058118344,-0.4882174082209747,0.592436974789916,477,,,,,0.012284254177558268
p8% h10.0% tr12% rsi60,0.08,0.1,0.12,0.03,3,60.0,847.9209910149859,-0.15207900898501403,-0.2675769855472634,0.375,17,25.96035194051864,0.23025738924445394,-0.4732215342739897,0.6,371,,,,,-0.05709114515279279
p8% h10.0% tr12% rsi70,0.08,0.1,0.12,0.03,3,70.0,892.7264457550259,-0.10727355424497409,-0.29544959250577996,0.4,21,24.11204455320495,0.22448896300795096,-0.47883081026991847,0.5980861244019139,419,,,,,-0.005079592112997425
p8% h10.0% tr12% rsiNone,0.08,0.1,0.12,0.03,3,,892.7264457550259,-0.10727355424497409,-0.29544959250577996,0.4,21,43.7310532299927,0.27176658066076564,-0.4507539418867528,0.6026200873362445,459,,,,,0.06569198326196304
p8% h10.0% tr15% rsi60,0.08,0.1,0.15,0.03,3,60.0,727.4271737491358,-0.2725728262508642,-0.3607029906589563,0.3333333333333333,19,20.608759435073907,0.21231723230125432,-0.5028184973230454,0.653179190751445,347,,,,,-0.42753145465255343
p8% h10.0% tr15% rsi70,0.08,0.1,0.15,0.03,3,70.0,765.4059434042756,-0.2345940565957244,-0.39593245849472536,0.4,21,31.335504890183632,0.24507757672764563,-0.48598435983023425,0.654639175257732,389,,,,,-0.33907390111996777
p8% h10.0% tr15% rsiNone,0.08,0.1,0.15,0.03,3,,765.4059434042756,-0.2345940565957244,-0.39593245849472536,0.4,21,77.75264681631707,0.3192003341784406,-0.4187619322181916,0.6682464454976303,423,,,,,-0.21651537837299242
p10% h7.5% tr12% rsi60,0.1,0.075,0.12,0.03,3,60.0,773.5565245395991,-0.2264434754604009,-0.3292202340417175,0.3,21,53.419625346031395,0.2880649362622332,-0.459586395157763,0.5363128491620112,359,,,,,-0.1912767006185722
p10% h7.5% tr12% rsi70,0.1,0.075,0.12,0.03,3,70.0,810.0955530553009,-0.1899044469446991,-0.34572114995749337,0.3333333333333333,25,34.8717466272975,0.2535778504470614,-0.5160753439948891,0.5288461538461539,417,,,,,-0.20432853689971364
p10% h7.5% tr12% rsiNone,0.1,0.075,0.12,0.03,3,,810.5095706886012,-0.1894904293113988,-0.34804451571710215,0.3333333333333333,25,51.672094650589344,0.2853417149582711,-0.4882174082209745,0.5283018867924528,425,,,,,-0.1537782620923129
p10% h7.5% tr15% rsi60,0.1,0.075,0.15,0.03,3,60.0,835.180462771781,-0.16481953722821907,-0.32922023404171763,0.3333333333333333,19,61.44405916667468,0.2995867528662324,-0.46115286482507,0.5739644970414202,339,,,,,-0.054985879063063126
p10% h7.5% tr15% rsi70,0.1,0.075,0.15,0.03,3,70.0,882.5956644463112,-0.11740433555368879,-0.3585814684994607,0.36363636363636365,23,35.17242833093247,0.2542628904306268,-0.5027869487557297,0.5495049504950495,405,,,,,-0.06472238705980221
p10% h7.5% tr15% rsiNone,0.1,0.075,0.15,0.03,3,,883.0467348993919,-0.1169532651006081,-0.3608591668440886,0.36363636363636365,23,28.79103550337519,0.23838604481589654,-0.5170150280814905,0.5432692307692307,417,,,,,-0.09226419889882538
p10% h10.0% tr12% rsi60,0.1,0.1,0.12,0.03,3,60.0,853.1291952389347,-0.1468708047610653,-0.2663517674510394,0.375,17,36.18677759990278,0.2565340966975336,-0.45117395301033103,0.5654761904761905,337,,,,,-0.0028936790331463846
p10% h10.0% tr12% rsi70,0.1,0.1,0.12,0.03,3,70.0,898.2891956788234,-0.10171080432117663,-0.2882501675554153,0.4,21,39.607055607893635,0.2637760164718621,-0.47356102880419515,0.5618556701030928,389,,,,,0.06302468757451718
p10% h10.0% tr12% rsiNone,0.1,0.1,0.12,0.03,3,,898.7482866655741,-0.10125171333442584,-0.29077761466760843,0.4,21,65.49906469564105,0.3048824973029953,-0.4507539418867528,0.5572139303482587,403,,,,,0.12214674289190669
p10% h10.0% tr15% rsi60,0.1,0.1,0.15,0.03,3,60.0,759.087231316275,-0.2409127686837249,-0.33287865188161836,0.2857142857142857,15,31.03172140965041,0.24430599613370552,-0.5281987356159787,0.6193548387096774,311,,,,,-0.3106906032884621
p10% h10.0% tr15% rsi70,0.1,0.1,0.15,0.03,3,70.0,794.7235966674347,-0.20527640333256536,-0.37030926177359225,0.375,17,35.57578489842574,0.2551732916501237,-0.4516356426066933,0.6114285714285714,351,,,,,-0.2255261813537724
p10% h10.0% tr15% rsiNone,0.1,0.1,0.15,0.03,3,,795.1297581151545,-0.2048702418848456,-0.37254531433779015,0.375,17,38.51857467140749,0.261537043559084,-0.41411933412681323,0.5989010989010989,365,,,,,-0.2005552544918383
p12% h7.5% tr12% rsi60,0.12,0.075,0.12,0.03,3,60.0,778.310797587935,-0.22168920241206502,-0.3278515390349074,0.2222222222222222,19,35.351699733213756,0.2546687178411686,-0.4595863951577631,0.484472049689441,323,,,,,-0.22047492162036783
p12% h7.5% tr12% rsi70,0.12,0.075,0.12,0.03,3,70.0,832.3932796759116,-0.1676067203240884,-0.3653737097730967,0.2727272727272727,23,45.00400960714965,0.274090710152058,-0.4908800584337858,0.5,369,,,,,-0.14217256904754802
p12% h7.5% tr12% rsiNone,0.12,0.075,0.12,0.03,3,,819.787991458315,-0.18021200854168495,-0.37019929071455404,0.2727272727272727,23,77.11392010528505,0.31850808097044836,-0.48248974277706635,0.4896907216494845,389,,,,,-0.1147127236137703
p12% h7.5% tr15% rsi60,0.12,0.075,0.15,0.03,3,60.0,774.3706836220035,-0.22562931637799644,-0.3757902165432877,0.16666666666666666,13,69.02501256350754,0.3092434339895622,-0.4825764747866158,0.5454545454545454,309,,,,,-0.22229920749696502
p12% h7.5% tr15% rsi70,0.12,0.075,0.15,0.03,3,70.0,835.7217046248254,-0.16427829537517458,-0.4052833742333126,0.25,17,37.8859492806855,0.26020837394900553,-0.4826893431373287,0.5142857142857142,351,,,,,-0.18798882940537068
p12% h7.5% tr15% rsiNone,0.12,0.075,0.15,0.03,3,,820.0520126590604,-0.17994798734093953,-0.41196673317927157,0.25,17,96.87997004458089,0.337792769726299,-0.5172392992432471,0.5319148936170213,377,,,,,-0.15018527540306656
p12% h10.0% tr12% rsi60,0.12,0.1,0.12,0.03,3,60.0,794.4182770940381,-0.20558172290596188,-0.32525978188131477,0.25,17,23.24601323403396,0.22164223472882427,-0.48456550124621334,0.5032679738562091,307,,,,,-0.23778953823360727
p12% h10.0% tr12% rsi70,0.12,0.1,0.12,0.03,3,70.0,854.2439551702516,-0.14575604482974835,-0.35947510470281163,0.3,21,26.337498211376413,0.23138702161899727,-0.47648006326236614,0.5119047619047619,337,,,,,-0.1366170416425459
p12% h10.0% tr12% rsiNone,0.12,0.1,0.12,0.03,3,,848.0750319735746,-0.1519249680264254,-0.35923249969470605,0.3,21,36.84002754278967,0.25796542251842225,-0.44460700035768963,0.49162011173184356,359,,,,,-0.10088167049614619
p12% h10.0% tr15% rsi60,0.12,0.1,0.15,0.03,3,60.0,751.1316185676766,-0.24886838143232337,-0.3620253627571042,0.16666666666666666,13,17.44714858811149,0.19953772994634034,-0.5069828165374539,0.5611510791366906,279,,,,,-0.39886249954672065
p12% h10.0% tr15% rsi70,0.12,0.1,0.15,0.03,3,70.0,803.103985045576,-0.196896014954424,-0.3978206192497432,0.2857142857142857,15,23.074368085842718,0.22106624948303133,-0.4824155886525565,0.5612903225806452,311,,,,,-0.29259518569708304
p12% h10.0% tr15% rsiNone,0.12,0.1,0.15,0.03,3,,797.3043691715552,-0.20269563082844477,-0.39759253797668037,0.2857142857142857,15,67.94814438736296,0.30793410885042816,-0.41437075738106166,0.5802469135802469,325,,,,,-0.16570248929543815
p15% h7.5% tr12% rsi60,0.15,0.075,0.12,0.03,3,60.0,725.373458192851,-0.27462654180714896,-0.3537329122533045,0.0,15,90.01530694414372,0.33155113445278106,-0.4630077194955129,0.4589041095890411,293,,,,,-0.2616827358638728
p15% h7.5% tr12% rsi70,0.15,0.075,0.12,0.03,3,70.0,816.0673013631949,-0.18393269863680506,-0.3874586308638841,0.1111111111111111,19,98.62061533732404,0.33930953000602737,-0.507263477270149,0.4578313253012048,333,,,,,-0.12683857235718707
p15% h7.5% tr12% rsiNone,0.15,0.075,0.12,0.03,3,,816.0673013631949,-0.18393269863680506,-0.3874586308638841,0.1111111111111111,19,84.87995810847556,0.3265832496851835,-0.5250265865591207,0.4437869822485207,339,,,,,-0.1509916633866856
p15% h7.5% tr15% rsi60,0.15,0.075,0.15,0.03,3,60.0,783.3306806991253,-0.21666931930087474,-0.3757902165432877,0.16666666666666666,13,176.12950455158128,0.3896572475595166,-0.4825764747866159,0.5259259259259259,271,,,,,-0.10788263705877645
p15% h7.5% tr15% rsi70,0.15,0.075,0.15,0.03,3,70.0,881.0012047191746,-0.11899879528082546,-0.40856040601817745,0.2857142857142857,15,136.09890027682235,0.36704339025410304,-0.48091978601177987,0.5,317,,,,,0.028379937127354135
p15% h7.5% tr15% rsiNone,0.15,0.075,0.15,0.03,3,,881.0012047191746,-0.11899879528082546,-0.40856040601817745,0.2857142857142857,15,84.21354844847835,0.3259180523039691,-0.4741640441865347,0.4875,321,,,,,-0.01759259750018402
p15% h10.0% tr12% rsi60,0.15,0.1,0.12,0.03,3,60.0,815.0229261534664,-0.1849770738465336,-0.3430209911008887,0.14285714285714285,15,37.90632635840279,0.26025149358483746,-0.5148566678345062,0.460431654676259,279,,,,,-0.18315592200125527
p15% h10.0% tr12% rsi70,0.15,0.1,0.12,0.03,3,70.0,902.6464846012508,-0.09735351539874926,-0.3870178588481792,0.25,17,112.94550837401337,0.35091799783330013,-0.5090663018532492,0.487012987012987,309,,,,,0.05978931523580666
p15% h10.0% tr12% rsiNone,0.15,0.1,0.12,0.03,3,,902.6464846012508,-0.09735351539874926,-0.3870178588481792,0.25,17,90.83905171941753,0.3323232081394649,-0.5075109783843165,0.4716981132075472,319,,,,,0.038253229337670766
p15% h10.0% tr15% rsi60,0.15,0.1,0.15,0.03,3,60.0,791.4468325688151,-0.2085531674311849,-0.3620253627571042,0.16666666666666666,13,41.604885723517704,0.2677395713602553,-0.5183384179473884,0.5317460317460317,253,,,,,-0.24206766255271306
p15% h10.0% tr15% rsi70,0.15,0.1,0.15,0.03,3,70.0,871.817567558325,-0.12818243244167504,-0.40795360268671266,0.2857142857142857,15,193.68402544924422,0.39808403760737376,-0.437238311840737,0.5460992907801419,283,,,,,0.06970898004656606
p15% h10.0% tr15% rsiNone,0.15,0.1,0.15,0.03,3,,871.817567558325,-0.12818243244167504,-0.40795360268671266,0.2857142857142857,15,125.40087529937269,0.35994050707155356,-0.37261393512462704,0.5416666666666666,289,,,,,0.05624893176163681
CURRENT ADX15,0.08,0.075,0.12,0.03,3,60.0,805.8532024408626,-0.19414679755913744,-0.28725770385795213,0.3333333333333333,19,69.4330480466409,0.3097345579477371,-0.3473183443265061,0.5989304812834224,375,15.0,,,,-0.0025832431940467694
CURRENT ADX15 EMA21,0.08,0.075,0.12,0.03,3,60.0,844.3893681361606,-0.1556106318638395,-0.27921886045488564,0.3333333333333333,13,22.812873270064923,0.2201809995247901,-0.31542086157077875,0.6165413533834586,267,15.0,True,,,-0.008987597130057104
CURRENT ADX15 early<=2,0.08,0.075,0.12,0.03,3,60.0,805.8532024408626,-0.19414679755913744,-0.28725770385795213,0.3333333333333333,19,27.353768258701397,0.23435720660119785,-0.41523445159371086,0.5882352941176471,341,15.0,,2.0,,-0.12699411844349623
p10% h7.5% tr12% rsi60 ADX15,0.1,0.075,0.12,0.03,3,60.0,773.5565245395991,-0.2264434754604009,-0.3292202340417175,0.3,21,54.461129865091934,0.2896485293289288,-0.4595863951577631,0.5406976744186046,345,15.0,,,,-0.18937638893853748
p12% h7.5% tr15% rsi60 ADX15,0.12,0.075,0.15,0.03,3,60.0,774.3706836220035,-0.22562931637799644,-0.3757902165432877,0.16666666666666666,13,70.95105418326361,0.3115382525777415,-0.47861506168433576,0.5496688741721855,303,15.0,,,,-0.21756471864000987
p15% h10.0% tr15% rsi70 ADX15,0.15,0.1,0.15,0.03,3,70.0,871.817567558325,-0.12818243244167504,-0.40795360268671266,0.2857142857142857,15,123.56538194060727,0.35866511208314145,-0.437238311840737,0.539568345323741,279,15.0,,,,0.022406269417487273
p15% h10.0% tr15% rsiNone ADX15,0.15,0.1,0.15,0.03,3,,871.817567558325,-0.12818243244167504,-0.40795360268671266,0.2857142857142857,15,110.94976900707132,0.3493863412797391,-0.37261393512462715,0.5422535211267606,285,15.0,,,,0.04358393281145941
p8% h10.0% tr15% rsiNone ADX15,0.08,0.1,0.15,0.03,3,,765.4059434042756,-0.2345940565957244,-0.39593245849472536,0.4,21,71.745368502055,0.3124677044831936,-0.4416582393357352,0.6666666666666666,409,15.0,,,,-0.23604268756606067
CURRENT ADX18,0.08,0.075,0.12,0.03,3,60.0,805.8532024408626,-0.19414679755913744,-0.28725770385795213,0.3333333333333333,19,83.53258796733982,0.32523321942988215,-0.3746735692217078,0.6065573770491803,367,18.0,,,,0.0023375381369264633
CURRENT ADX18 EMA21,0.08,0.075,0.12,0.03,3,60.0,844.3893681361606,-0.1556106318638395,-0.27921886045488564,0.3333333333333333,13,16.101703233451204,0.19342781409716925,-0.3542143140267603,0.609375,257,18.0,True,,,-0.06048814587119289
CURRENT ADX18 early<=2,0.08,0.075,0.12,0.03,3,60.0,805.8532024408626,-0.19414679755913744,-0.28725770385795213,0.3333333333333333,19,24.71590461321064,0.22641779764791048,-0.4303853727217104,0.5878787878787879,331,18.0,,2.0,,-0.14409686975144081
p10% h7.5% tr12% rsi60 ADX18,0.1,0.075,0.12,0.03,3,60.0,773.5565245395991,-0.2264434754604009,-0.3292202340417175,0.3,21,51.79581971446606,0.2855373344721073,-0.49350872189137085,0.5443786982248521,339,18.0,,,,-0.21127098613352718
p12% h7.5% tr15% rsi60 ADX18,0.12,0.075,0.15,0.03,3,60.0,774.3706836220035,-0.22562931637799644,-0.3757902165432877,0.16666666666666666,13,48.213464970023686,0.2796878553711104,-0.4480279240403936,0.54421768707483,295,18.0,,,,-0.2404916264659961
p15% h10.0% tr15% rsi70 ADX18,0.15,0.1,0.15,0.03,3,70.0,871.817567558325,-0.12818243244167504,-0.40795360268671266,0.2857142857142857,15,104.56049078969578,0.3443031495793376,-0.437238311840737,0.5333333333333333,271,18.0,,,,0.005171914412922675
p15% h10.0% tr15% rsiNone ADX18,0.15,0.1,0.15,0.03,3,,871.817567558325,-0.12818243244167504,-0.40795360268671266,0.2857142857142857,15,110.48908323809977,0.3490291188274197,-0.3726139351246268,0.5390070921985816,283,18.0,,,,0.0431552658686763
p8% h10.0% tr15% rsiNone ADX18,0.08,0.1,0.15,0.03,3,,765.4059434042756,-0.2345940565957244,-0.39593245849472536,0.4,21,76.2854037531103,0.31760209028233644,-0.3881831135851772,0.6666666666666666,403,18.0,,,,-0.20314386173181026
CURRENT ADX20,0.08,0.075,0.12,0.03,3,60.0,805.8532024408626,-0.19414679755913744,-0.28725770385795213,0.3333333333333333,19,86.18245911724445,0.3278693804728625,-0.37467356922170825,0.6145251396648045,359,20.0,,,,0.005500931388502682
CURRENT ADX20 EMA21,0.08,0.075,0.12,0.03,3,60.0,844.3893681361606,-0.1556106318638395,-0.27921886045488564,0.3333333333333333,13,18.598260811477736,0.20442448733284957,-0.32187071319023497,0.6190476190476191,253,20.0,True,,,-0.031120337570113843
CURRENT ADX20 early<=2,0.08,0.075,0.12,0.03,3,60.0,805.8532024408626,-0.19414679755913744,-0.28725770385795213,0.3333333333333333,19,29.2343606121481,0.2395907705921645,-0.4303853727217105,0.6024844720496895,323,20.0,,2.0,,-0.12828930221833607
p10% h7.5% tr12% rsi60 ADX20,0.1,0.075,0.12,0.03,3,60.0,773.5565245395991,-0.2264434754604009,-0.3292202340417175,0.3,21,48.65873921035027,0.2804366640292253,-0.48565332188962307,0.5487804878048781,329,20.0,,,,-0.21346409066411168
p12% h7.5% tr15% rsi60 ADX20,0.12,0.075,0.15,0.03,3,60.0,774.3706836220035,-0.22562931637799644,-0.3757902165432877,0.16666666666666666,13,78.37530410999618,0.3198700645907717,-0.44802792404039327,0.5555555555555556,289,20.0,,,,-0.19227297540240235
p15% h10.0% tr15% rsi70 ADX20,0.15,0.1,0.15,0.03,3,70.0,871.817567558325,-0.12818243244167504,-0.40795360268671266,0.2857142857142857,15,144.77350947971757,0.37242886084091364,-0.437238311840737,0.5454545454545454,265,20.0,,,,0.038922767926813914
p15% h10.0% tr15% rsiNone ADX20,0.15,0.1,0.15,0.03,3,,871.817567558325,-0.12818243244167504,-0.40795360268671266,0.2857142857142857,15,182.48462120505658,0.39279520828475656,-0.37261393512462726,0.5514705882352942,273,20.0,,,,0.0956745732174803
p8% h10.0% tr15% rsiNone ADX20,0.08,0.1,0.15,0.03,3,,765.4059434042756,-0.2345940565957244,-0.39593245849472536,0.4,21,117.05330014335769,0.3539923955273254,-0.3881831135851771,0.6787564766839378,387,20.0,,,,-0.1594754954378234
CURRENT ADX22,0.08,0.075,0.12,0.03,3,60.0,887.6814260449235,-0.1123185739550765,-0.24148683808873395,0.375,17,69.60608923719903,0.30994201999668536,-0.347318344326506,0.6153846153846154,339,22.0,,,,0.2070930242420313
CURRENT ADX22 EMA21,0.08,0.075,0.12,0.03,3,60.0,844.3893681361606,-0.1556106318638395,-0.27921886045488564,0.3333333333333333,13,18.047833886501547,0.20212422435497723,-0.38181715127950255,0.6239316239316239,235,22.0,True,,,-0.06385387218819444
CURRENT ADX22 early<=2,0.08,0.075,0.12,0.03,3,60.0,887.6814260449235,-0.1123185739550765,-0.24148683808873395,0.375,17,23.675420077275763,0.22306592370083012,-0.407001582989055,0.6026490066225165,303,22.0,,2.0,,0.07300008935573052
p10% h7.5% tr12% rsi60 ADX22,0.1,0.075,0.12,0.03,3,60.0,839.147063201348,-0.16085293679865198,-0.28614411691695896,0.3333333333333333,19,31.02693804381232,0.2442937903800606,-0.47426202088131075,0.5419354838709678,311,22.0,,,,-0.07688269409069677
p12% h7.5% tr15% rsi60 ADX22,0.12,0.075,0.15,0.03,3,60.0,755.8715655322534,-0.24412843446774657,-0.3357047293130815,0.16666666666666666,13,47.898119365172754,0.27915361794245164,-0.4358033285816678,0.5514705882352942,273,22.0,,,,-0.23193316260031777
p15% h10.0% tr15% rsi70 ADX22,0.15,0.1,0.15,0.03,3,70.0,811.5716092799602,-0.1884283907200398,-0.3908331042428309,0.16666666666666666,13,153.34055118184267,0.37745877777523096,-0.43723831184073725,0.5546875,257,22.0,,,,-0.0584127498648532
p15% h10.0% tr15% rsiNone ADX22,0.15,0.1,0.15,0.03,3,,811.5716092799602,-0.1884283907200398,-0.3908331042428309,0.16666666666666666,13,188.53485250600335,0.39568895244248603,-0.39503415322887125,0.5581395348837209,259,22.0,,,,-0.015434460958214116
p8% h10.0% tr15% rsiNone ADX22,0.08,0.1,0.15,0.03,3,,764.608420602724,-0.23539157939727606,-0.3753980238453628,0.4,21,124.47339693865727,0.3592982485082641,-0.42089697318432706,0.6902173913043478,369,22.0,,,,-0.15052601261401277
CURRENT ADX25,0.08,0.075,0.12,0.03,3,60.0,1068.064970463932,0.068064970463932,-0.10936976652722052,0.5,13,29.411840631743832,0.240068279199406,-0.4443495565231462,0.6068965517241379,291,25.0,,,,0.5676130895865064
CURRENT ADX25 EMA21,0.08,0.075,0.12,0.03,3,60.0,1049.0646998747302,0.04906469987473017,-0.1266484573581551,0.5,9,19.495904521152806,0.20804246022489337,-0.42178240914817944,0.65,201,25.0,True,,,0.48518644849523634
CURRENT ADX25 early<=2,0.08,0.075,0.12,0.03,3,60.0,1068.064970463932,0.068064970463932,-0.10936976652722052,0.5,13,12.38325460188311,0.17365298006119412,-0.49385376232353584,0.59375,257,25.0,,2.0,,0.46316262772045735
p10% h7.5% tr12% rsi60 ADX25,0.1,0.075,0.12,0.03,3,60.0,981.4050933380394,-0.01859490666196062,-0.1937411544032881,0.3333333333333333,13,31.360895942365918,0.24514174997891836,-0.4410088551911161,0.5547445255474452,275,25.0,,,,0.31768046306008346
p12% h7.5% tr15% rsi60 ADX25,0.12,0.075,0.15,0.03,3,60.0,781.867737496276,-0.21813226250372397,-0.32476327141758876,0.16666666666666666,13,66.58142479561312,0.30624409574793043,-0.4199198348018226,0.5862068965517241,233,25.0,,,,-0.12854904052028268
p15% h10.0% tr15% rsi70 ADX25,0.15,0.1,0.15,0.03,3,70.0,936.0935701921702,-0.06390642980782979,-0.3849488836073237,0.3333333333333333,13,234.3721937711293,0.4151511280150233,-0.437238311840737,0.5826086956521739,231,25.0,,,,0.24174621288282494
p15% h10.0% tr15% rsiNone ADX25,0.15,0.1,0.15,0.03,3,,936.0935701921702,-0.06390642980782979,-0.3849488836073237,0.3333333333333333,13,122.52016273761986,0.3579308902967906,-0.44237145622319174,0.5478260869565217,231,25.0,,,,0.17051535542971835
p8% h10.0% tr15% rsiNone ADX25,0.08,0.1,0.15,0.03,3,,1209.333964470044,0.20933396447004404,-0.18686059842545366,0.6666666666666666,13,233.13638591518693,0.4146751351106026,-0.35408841128988267,0.7195121951219512,329,25.0,,,,1.027319045410565
CURRENT ADX28,0.08,0.075,0.12,0.03,3,60.0,943.6422069730274,-0.056357793026972525,-0.14159721655913382,0.3333333333333333,7,35.560856624651336,0.25513977022622725,-0.3358988282121905,0.625,257,28.0,,,,0.35885126596044736
CURRENT ADX28 EMA21,0.08,0.075,0.12,0.03,3,60.0,1005.7169101010498,0.00571691010104991,-0.08351886163145594,0.5,5,9.931454391999996,0.15729033136931192,-0.42114878938893296,0.6352941176470588,171,28.0,True,,,0.38103471992750054
CURRENT ADX28 early<=2,0.08,0.075,0.12,0.03,3,60.0,943.6422069730274,-0.056357793026972525,-0.14159721655913382,0.3333333333333333,7,14.449978451195994,0.18523683045055228,-0.37899919779468016,0.6090909090909091,221,28.0,,2.0,,0.25341755343839256
p10% h7.5% tr12% rsi60 ADX28,0.1,0.075,0.12,0.03,3,60.0,958.2140374315258,-0.04178596256847422,-0.14159721655913382,0.3333333333333333,7,23.670067324576745,0.22304832609202885,-0.40549612360829046,0.5652173913043478,231,28.0,,,,0.3146865462183559
p12% h7.5% tr15% rsi60 ADX28,0.12,0.075,0.15,0.03,3,60.0,1064.9015248608825,0.06490152486088263,-0.14159721655913382,0.5,5,17.651101412798763,0.20042515561764707,-0.4199198348018226,0.5490196078431373,205,28.0,,,,0.4937018609110454
p15% h10.0% tr15% rsi70 ADX28,0.15,0.1,0.15,0.03,3,70.0,1218.6372812360476,0.21863728123604753,-0.18189630733240103,0.6666666666666666,7,193.5796244413727,0.398036071759845,-0.42856649982635,0.5887850467289719,215,28.0,,,,0.993684049746482
p15% h10.0% tr15% rsiNone ADX28,0.15,0.1,0.15,0.03,3,,1218.6372812360476,0.21863728123604753,-0.18189630733240103,0.6666666666666666,7,126.56351726751788,0.36073935786226397,-0.44237145622319174,0.5648148148148148,217,28.0,,,,0.9420255148709638
p8% h10.0% tr15% rsiNone ADX28,0.08,0.1,0.15,0.03,3,,1012.4406847826074,0.012440684782607292,-0.23190513044993655,0.5,9,82.7972374157403,0.3244877916205662,-0.4083612811317143,0.7027027027027027,297,28.0,,,,0.4531267069022491
CURRENT ADX25 drop3% to3,0.08,0.075,0.12,0.03,3,60.0,1068.064970463932,0.068064970463932,-0.10936976652722052,0.5,13,29.411840631743832,0.240068279199406,-0.4443495565231462,0.6068965517241379,291,25.0,,,,0.5676130895865064
CURRENT ADX25 drop5% to3,0.08,0.075,0.12,0.05,3,60.0,1083.920668560598,0.08392066856059799,-0.10751545578337096,0.5,13,14.798905310923729,0.18703772759217174,-0.49385376232353584,0.5942028985507246,277,25.0,,,,0.512790031694812
CURRENT ADX25 drop3% to5,0.08,0.075,0.12,0.03,5,60.0,892.459399886306,-0.10754060011369404,-0.15521879655625737,0.25,9,24.351310618458555,0.22525857319239795,-0.3604463242505046,0.6074074074074074,271,25.0,,,,0.1947328873301286
CURRENT ADX25 drop5% to5,0.08,0.075,0.12,0.05,5,60.0,905.7081883022227,-0.09429181169777734,-0.15521879655625737,0.25,9,15.44840834617624,0.1902865623892953,-0.36003116060247053,0.5954198473282443,263,25.0,,,,0.17947163302225586
CURRENT ADX25 drop3% to10,0.08,0.075,0.12,0.03,10,60.0,895.7672854318789,-0.10423271456812111,-0.10751545578337085,0.25,8,12.087276320092862,0.17184767151998237,-0.3008340361173164,0.5948275862068966,232,25.0,,,,0.2147650612538564
CURRENT ADX25 drop5% to10,0.08,0.075,0.12,0.05,10,60.0,909.065180256113,-0.09093481974388706,-0.10751545578337074,0.25,8,6.59754274805284,0.1275589593976767,-0.3038040283738489,0.5714285714285714,224,25.0,,,,0.18672940022729154
CURRENT early<=1 qemaFalse,0.08,0.075,0.12,0.03,3,60.0,903.7416905824698,-0.09625830941753022,-0.22855498876032698,0.42857142857142855,15,15.556598463871362,0.19081526787772285,-0.37871326698521435,0.5915492957746479,285,,False,1.0,,0.09349583877342163
CURRENT early<=1 qemaTrue,0.08,0.075,0.12,0.03,3,60.0,844.3893681361606,-0.1556106318638395,-0.27921886045488564,0.3333333333333333,13,23.0715744103391,0.2210568416777079,-0.31542086157077887,0.6148148148148148,271,,True,1.0,,-0.007936586546555796
CURRENT early<=2 qemaFalse,0.08,0.075,0.12,0.03,3,60.0,805.8532024408626,-0.19414679755913744,-0.28725770385795213,0.3333333333333333,19,27.147227430113972,0.2337620270279248,-0.4413252204360598,0.5833333333333334,361,,False,2.0,,-0.14075371835259834
CURRENT early<=2 qemaTrue,0.08,0.075,0.12,0.03,3,60.0,844.3893681361606,-0.1556106318638395,-0.27921886045488564,0.3333333333333333,13,22.54096159082933,0.21925035042203267,-0.3154208615707791,0.6131386861313869,275,,True,2.0,,-0.010104376053366185
CURRENT vix20,0.08,0.075,0.12,0.03,3,60.0,839.85701052678,-0.16014298947322003,-0.2900316011160343,0.375,17,6.285034253378044,0.12408262506021428,-0.5293765864787612,0.5460526315789473,305,,,,20.0,-0.251160964821449
CURRENT vix25,0.08,0.075,0.12,0.03,3,60.0,805.8532024408626,-0.19414679755913744,-0.28725770385795213,0.3333333333333333,19,43.777465301926696,0.27185242488082895,-0.4054672891962777,0.5921787709497207,359,,,,25.0,-0.07711627530922233
