name,final,return_pct,maxdd,trades,exits,win_rate,profit_exits,hard_stops,trail_stops,sma_exits,in_position_end
LIVE + QQQ ADX >= 25,1075.5458398993726,0.07554583989937269,-0.10936976652722052,13,6,0.5,3,2,1,0,True
p12% hard5.0% trail8% rsi70,1064.340591098598,0.06434059109859791,-0.19417847091450358,27,13,0.46153846153846156,2,2,9,0,True
p12% hard5.0% trail8% rsiNone,1053.5898171153813,0.053589817115381244,-0.19621128506344054,27,13,0.46153846153846156,2,2,9,0,True
p10% hard5.0% trail8% rsiNone,1031.29148372995,0.031291483729950054,-0.17622240898731334,29,14,0.42857142857142855,3,3,8,0,True
p10% hard5.0% trail8% rsi70,1030.7646881500107,0.030764688150010766,-0.1732867228942716,29,14,0.42857142857142855,3,3,8,0,True
p6% hard5.0% trail10% rsi70,992.9962245574009,-0.007003775442599114,-0.22881228966572886,31,15,0.4666666666666667,6,7,2,0,True
p6% hard5.0% trail10% rsiNone,992.9962245574009,-0.007003775442599114,-0.22881228966572886,31,15,0.4666666666666667,6,7,2,0,True
p6% hard5.0% trail8% rsi70,991.3317137274825,-0.008668286272517589,-0.18506960991886523,33,16,0.4375,5,2,9,0,True
p6% hard5.0% trail8% rsiNone,991.3317137274825,-0.008668286272517589,-0.18506960991886523,33,16,0.4375,5,2,9,0,True
p12% hard5.0% trail8% rsi65,978.6518781106358,-0.02134812188936419,-0.18389074634237979,25,12,0.4166666666666667,1,2,9,0,True
p12% hard5.0% trail8% rsi60,975.2135412667311,-0.0247864587332689,-0.18389074634237979,23,11,0.36363636363636365,1,2,8,0,True
p10% hard5.0% trail8% rsi65,967.917753717946,-0.03208224628205403,-0.16266108939566148,27,13,0.38461538461538464,2,3,8,0,True
p12% hard5.0% trail12% rsi70,964.9859214385154,-0.03501407856148453,-0.26940075642804673,23,11,0.2727272727272727,3,6,2,0,True
p6% hard7.5% trail8% rsi70,964.5728921023142,-0.03542710789768577,-0.2070668653714477,31,15,0.4,5,0,10,0,True
p6% hard7.5% trail8% rsiNone,964.5728921023142,-0.03542710789768577,-0.2070668653714477,31,15,0.4,5,0,10,0,True
p6% hard10.0% trail8% rsi70,964.5728921023142,-0.03542710789768577,-0.2070668653714477,31,15,0.4,5,0,10,0,True
p6% hard10.0% trail8% rsiNone,964.5728921023142,-0.03542710789768577,-0.2070668653714477,31,15,0.4,5,0,10,0,True
p10% hard5.0% trail8% rsi60,964.5171295032329,-0.03548287049676713,-0.16266108939566126,25,12,0.3333333333333333,2,3,7,0,True
p8% hard5.0% trail8% rsi70,957.974367838133,-0.042025632161866944,-0.2318458292473048,29,14,0.35714285714285715,3,2,9,0,True
p8% hard5.0% trail8% rsiNone,957.974367838133,-0.042025632161866944,-0.2318458292473048,29,14,0.35714285714285715,3,2,9,0,True
p12% hard5.0% trail12% rsiNone,955.2387168076528,-0.04476128319234718,-0.2712438102879019,23,11,0.2727272727272727,3,6,2,0,True
p12% hard7.5% trail8% rsi70,951.7320038533704,-0.04826799614662958,-0.2794354128379941,25,12,0.3333333333333333,2,1,9,0,True
p12% hard10.0% trail8% rsi70,951.7320038533704,-0.04826799614662958,-0.2794354128379941,25,12,0.3333333333333333,2,0,10,0,True
p8% hard5.0% trail10% rsi70,949.9782598969209,-0.05002174010307914,-0.24415355334638,27,13,0.38461538461538464,4,7,2,0,True
p8% hard5.0% trail10% rsiNone,949.9782598969209,-0.05002174010307914,-0.24415355334638,27,13,0.38461538461538464,4,7,2,0,True
p12% hard5.0% trail8% rsi55,949.8372991652134,-0.05016270083478658,-0.17379639337607056,17,8,0.375,1,2,5,0,True
p6% hard5.0% trail12% rsi70,946.8362248635872,-0.053163775136412794,-0.22881228966572875,29,14,0.42857142857142855,6,7,1,0,True
p6% hard5.0% trail12% rsiNone,946.8362248635872,-0.053163775136412794,-0.22881228966572875,29,14,0.42857142857142855,6,7,1,0,True
p6% hard5.0% trail10% rsi65,945.8343950633831,-0.05416560493661693,-0.22881228966572886,29,14,0.42857142857142855,5,6,3,0,True
p12% hard7.5% trail10% rsi70,943.9290280175939,-0.05607097198240618,-0.28604409049062895,23,11,0.36363636363636365,2,3,6,0,True
p6% hard5.0% trail8% rsi65,943.2781372326328,-0.056721862767367126,-0.18506960991886523,31,15,0.4,4,3,8,0,True
p12% hard7.5% trail8% rsiNone,942.1186754211059,-0.05788132457889417,-0.28125315266640005,25,12,0.3333333333333333,2,2,8,0,True
p12% hard10.0% trail8% rsiNone,942.1186754211059,-0.05788132457889417,-0.28125315266640005,25,12,0.3333333333333333,2,0,10,0,True
p6% hard5.0% trail8% rsi60,939.9640803694734,-0.06003591963052657,-0.185069609918865,29,14,0.35714285714285715,4,3,7,0,True
p12% hard10.0% trail10% rsi70,937.5685579458988,-0.06243144205410123,-0.29015868106033815,23,11,0.36363636363636365,2,0,9,0,True
p8% hard7.5% trail8% rsi70,932.1159544781116,-0.06788404552188843,-0.2525804634279387,27,13,0.3076923076923077,3,0,10,0,True
p8% hard7.5% trail8% rsiNone,932.1159544781116,-0.06788404552188843,-0.2525804634279387,27,13,0.3076923076923077,3,0,10,0,True
p8% hard10.0% trail8% rsi70,932.1159544781116,-0.06788404552188843,-0.2525804634279387,27,13,0.3076923076923077,3,0,10,0,True
p8% hard10.0% trail8% rsiNone,932.1159544781116,-0.06788404552188843,-0.2525804634279387,27,13,0.3076923076923077,3,0,10,0,True
p10% hard5.0% trail8% rsi55,931.3549858079731,-0.06864501419202695,-0.17379639337607056,17,8,0.375,1,2,5,0,True
p8% hard5.0% trail8% rsi55,930.0163150191817,-0.0699836849808183,-0.1622439340226608,17,8,0.25,2,2,4,0,True
p12% hard7.5% trail10% rsiNone,929.6347061559968,-0.07036529384400314,-0.29077723257862154,23,11,0.36363636363636365,2,3,6,0,True
p6% hard5.0% trail8% rsi55,928.4251218279105,-0.07157487817208952,-0.15400045190529965,19,9,0.3333333333333333,3,2,4,0,True
p12% hard10.0% trail10% rsiNone,928.0982927464458,-0.07190170725355416,-0.2919493697234693,23,11,0.36363636363636365,2,0,9,0,True
p12% hard5.0% trail10% rsi70,928.0889648299847,-0.07191103517001529,-0.2973357635503422,23,11,0.2727272727272727,2,5,4,0,True
p6% hard7.5% trail8% rsi60,927.7829562966336,-0.07221704370336635,-0.2070668653714477,27,13,0.38461538461538464,4,0,9,0,True
p6% hard10.0% trail8% rsi60,927.7829562966336,-0.07221704370336635,-0.2070668653714477,27,13,0.38461538461538464,4,0,9,0,True
reentry drop5% timeout10,924.140632208782,-0.07585936779121805,-0.1935101764146927,12,6,0.3333333333333333,2,3,1,0,False
p10% hard7.5% trail8% rsiNone,922.1795340475699,-0.0778204659524302,-0.26337912508367656,27,13,0.3076923076923077,3,1,9,0,True
p10% hard10.0% trail8% rsiNone,922.1795340475699,-0.0778204659524302,-0.26337912508367656,27,13,0.3076923076923077,3,0,10,0,True
p10% hard7.5% trail8% rsi70,921.7084741095111,-0.07829152589048882,-0.2607540383103426,27,13,0.3076923076923077,3,1,9,0,True
p10% hard10.0% trail8% rsi70,921.7084741095111,-0.07829152589048882,-0.2607540383103426,27,13,0.3076923076923077,3,0,10,0,True
p6% hard5.0% trail15% rsi70,919.8483167150915,-0.08015168328490851,-0.2350091300572481,29,14,0.42857142857142855,6,7,1,0,True
p6% hard5.0% trail15% rsiNone,919.8483167150915,-0.08015168328490851,-0.2350091300572481,29,14,0.42857142857142855,6,7,1,0,True
p12% hard5.0% trail10% rsiNone,918.7144518398284,-0.08128554816017164,-0.29910834687090415,23,11,0.2727272727272727,2,5,4,0,True
p6% hard5.0% trail10% rsi60,915.8911905844859,-0.08410880941551413,-0.22881228966572875,27,13,0.38461538461538464,5,6,2,0,True
p6% hard10.0% trail12% rsi70,912.6210381852256,-0.08737896181477434,-0.2671092073475041,23,11,0.45454545454545453,5,2,4,0,True
p6% hard10.0% trail12% rsiNone,912.6210381852256,-0.08737896181477434,-0.2671092073475041,23,11,0.45454545454545453,5,2,4,0,True
p6% hard7.5% trail8% rsi65,912.1275274994094,-0.0878724725005906,-0.20706686537144758,29,14,0.35714285714285715,4,0,10,0,True
p6% hard10.0% trail8% rsi65,912.1275274994094,-0.0878724725005906,-0.20706686537144758,29,14,0.35714285714285715,4,0,10,0,True
LIVE + early score <= 1 entry,910.071617859904,-0.08992838214009602,-0.22855498876032698,15,7,0.42857142857142855,3,4,0,0,True
reentry drop2% timeout10,909.9581319473634,-0.09004186805263659,-0.20442598596247363,18,9,0.4444444444444444,4,4,1,0,False
p6% hard5.0% trail12% rsi60,907.3475321184749,-0.09265246788152515,-0.22881228966572875,25,12,0.4166666666666667,5,7,0,0,True
p6% hard5.0% trail15% rsi60,907.3475321184749,-0.09265246788152515,-0.22881228966572875,25,12,0.4166666666666667,5,7,0,0,True
p8% hard5.0% trail12% rsi70,905.8179749919938,-0.09418202500800621,-0.2651918598114239,25,12,0.3333333333333333,4,7,1,0,True
p8% hard5.0% trail12% rsiNone,905.8179749919938,-0.09418202500800621,-0.2651918598114239,25,12,0.3333333333333333,4,7,1,0,True
p10% hard10.0% trail12% rsiNone,905.0432394763104,-0.09495676052368962,-0.29077761466760843,21,10,0.4,4,3,3,0,True
p10% hard10.0% trail12% rsi70,904.5809329550876,-0.09541906704491232,-0.2882501675554153,21,10,0.4,4,3,3,0,True
p8% hard5.0% trail8% rsi65,899.4227779914671,-0.10057722200853292,-0.2318458292473048,27,13,0.3076923076923077,2,3,8,0,True
p8% hard10.0% trail12% rsi70,898.9792207892611,-0.10102077921073882,-0.29544959250577996,21,10,0.4,4,2,4,0,True
p8% hard10.0% trail12% rsiNone,898.9792207892611,-0.10102077921073882,-0.29544959250577996,21,10,0.4,4,2,4,0,True
p8% hard5.0% trail8% rsi60,896.2627999185844,-0.10373720008141563,-0.2318458292473048,25,12,0.25,2,3,7,0,True
p8% hard7.5% trail15% rsi70,894.5503198744824,-0.10544968012551759,-0.3260637802002857,23,11,0.45454545454545453,5,6,0,0,True
p8% hard7.5% trail15% rsiNone,894.5503198744824,-0.10544968012551759,-0.3260637802002857,23,11,0.45454545454545453,5,6,0,0,True
p8% hard5.0% trail10% rsi65,892.8333344108299,-0.1071666655891701,-0.2441535533463799,25,12,0.3333333333333333,3,6,3,0,True
p6% hard5.0% trail12% rsi65,892.1579784177032,-0.10784202158229672,-0.22881228966572875,27,13,0.38461538461538464,5,7,1,0,True
p12% hard5.0% trail12% rsi60,891.5226576851801,-0.10847734231481987,-0.23848829237062596,19,9,0.2222222222222222,2,6,1,0,True
p10% hard7.5% trail10% rsiNone,889.2918921247881,-0.1107081078752119,-0.3106154493541977,27,13,0.38461538461538464,4,4,5,0,True
p10% hard7.5% trail15% rsiNone,889.2317119484051,-0.11076828805159489,-0.3608591668440886,23,11,0.36363636363636365,4,6,1,0,True
p10% hard7.5% trail10% rsi70,888.8376315733943,-0.11116236842660565,-0.3106154493541975,27,13,0.38461538461538464,4,4,5,0,True
p10% hard7.5% trail15% rsi70,888.7774821377393,-0.11122251786226067,-0.3585814684994607,23,11,0.36363636363636365,4,6,1,0,True
p12% hard5.0% trail10% rsi65,885.466709384834,-0.11453329061516604,-0.268067596385679,21,10,0.3,1,4,5,0,True
p12% hard7.5% trail8% rsi60,884.8232152158298,-0.11517678478417015,-0.2700619410613362,21,10,0.3,1,1,8,0,True
p12% hard10.0% trail8% rsi60,884.8232152158298,-0.11517678478417015,-0.2700619410613362,21,10,0.3,1,0,9,0,True
p8% hard7.5% trail8% rsi60,884.6480067624592,-0.11535199323754075,-0.25258046342793894,23,11,0.2727272727272727,2,0,9,0,True
p8% hard10.0% trail8% rsi60,884.6480067624592,-0.11535199323754075,-0.25258046342793894,23,11,0.2727272727272727,2,0,9,0,True
p8% hard5.0% trail15% rsi70,879.9992202101287,-0.12000077978987134,-0.2861362787863453,25,12,0.3333333333333333,4,7,1,0,True
p8% hard5.0% trail15% rsiNone,879.9992202101287,-0.12000077978987134,-0.2861362787863453,25,12,0.3333333333333333,4,7,1,0,True
p10% hard10.0% trail10% rsiNone,878.6839996141382,-0.12131600038586177,-0.3145903880057196,27,13,0.38461538461538464,4,1,8,0,True
p6% hard10.0% trail12% rsi60,878.492864605748,-0.12150713539425206,-0.2538179021204332,19,9,0.4444444444444444,4,3,2,0,True
p10% hard10.0% trail10% rsi70,878.2351576965402,-0.12176484230345974,-0.3145903880057196,27,13,0.38461538461538464,4,1,8,0,True
p12% hard5.0% trail12% rsi65,876.5980220797394,-0.12340197792026064,-0.26795230418329874,21,10,0.2,2,6,2,0,True
p10% hard7.5% trail8% rsi60,875.1182295410434,-0.12488177045895654,-0.25107387725226893,23,11,0.2727272727272727,2,1,8,0,True
p10% hard10.0% trail8% rsi60,875.1182295410434,-0.12488177045895654,-0.25107387725226893,23,11,0.2727272727272727,2,0,9,0,True
p12% hard7.5% trail10% rsi60,873.0984653387801,-0.1269015346612199,-0.28604409049062907,19,9,0.3333333333333333,1,3,5,0,True
p6% hard7.5% trail10% rsi70,872.7040385499938,-0.1272959614500062,-0.30285981631441805,29,14,0.42857142857142855,5,2,7,0,True
p6% hard7.5% trail10% rsiNone,872.7040385499938,-0.1272959614500062,-0.30285981631441805,29,14,0.42857142857142855,5,2,7,0,True
p12% hard10.0% trail10% rsi60,872.6240459142729,-0.1273759540857271,-0.28643203591163213,19,9,0.3333333333333333,1,0,8,0,True
p6% hard10.0% trail10% rsi70,872.2298334469376,-0.1277701665530624,-0.3032386244991476,29,14,0.42857142857142855,5,1,8,0,True
p6% hard10.0% trail10% rsiNone,872.2298334469376,-0.1277701665530624,-0.3032386244991476,29,14,0.42857142857142855,5,1,8,0,True
p6% hard5.0% trail15% rsi65,871.4191818730366,-0.12858081812696343,-0.22881228966572875,27,13,0.38461538461538464,5,7,1,0,True
p6% hard10.0% trail12% rsi55,871.0639466190513,-0.1289360533809487,-0.2538179021204333,13,6,0.5,3,3,0,0,True
p6% hard10.0% trail15% rsi55,871.0639466190513,-0.1289360533809487,-0.2538179021204333,13,6,0.5,3,3,0,0,True
p12% hard7.5% trail8% rsi65,869.8926899782938,-0.13010731002170617,-0.27355193228068286,23,11,0.2727272727272727,1,1,9,0,True
p12% hard10.0% trail8% rsi65,869.8926899782938,-0.13010731002170617,-0.27355193228068286,23,11,0.2727272727272727,1,0,10,0,True
p8% hard7.5% trail8% rsi65,869.7204379959898,-0.13027956200401025,-0.25258046342793894,25,12,0.25,2,0,10,0,True
p8% hard10.0% trail8% rsi65,869.7204379959898,-0.13027956200401025,-0.25258046342793894,25,12,0.25,2,0,10,0,True
p10% hard10.0% trail12% rsi55,865.411982576458,-0.1345880174235421,-0.2611767926485009,11,5,0.4,2,3,0,0,True
p10% hard10.0% trail15% rsi55,865.411982576458,-0.1345880174235421,-0.2611767926485009,11,5,0.4,2,3,0,0,True
p10% hard5.0% trail12% rsiNone,865.1119679955018,-0.13488803200449817,-0.30896369824169556,25,12,0.25,3,7,2,0,True
p10% hard5.0% trail10% rsiNone,864.8585354275064,-0.13514146457249365,-0.309166135742287,27,13,0.23076923076923078,3,7,3,0,True
p10% hard5.0% trail12% rsi70,864.6700588281304,-0.13532994117186958,-0.3065010606523858,25,12,0.25,3,7,2,0,True
p8% hard5.0% trail10% rsi60,864.5680363445147,-0.13543196365548538,-0.2441535533463799,23,11,0.2727272727272727,3,6,2,0,True
p10% hard5.0% trail10% rsi70,864.4167557164124,-0.1355832442835877,-0.3067042195770143,27,13,0.23076923076923078,3,7,3,0,True
LIVE + SMA20 above SMA50,861.7944768467951,-0.1382055231532049,-0.16209160320525962,12,6,0.3333333333333333,2,3,1,0,False
LIVE + ADX18 and SMA20 above SMA50,861.7944768467951,-0.1382055231532049,-0.16209160320525962,12,6,0.3333333333333333,2,3,1,0,False
p8% hard7.5% trail10% rsi70,861.5345398511125,-0.1384654601488875,-0.3144673054057152,27,13,0.38461538461538464,4,2,7,0,True
p8% hard7.5% trail10% rsiNone,861.5345398511125,-0.1384654601488875,-0.3144673054057152,27,13,0.38461538461538464,4,2,7,0,True
p8% hard10.0% trail10% rsi70,861.0664039686025,-0.13893359603139754,-0.31483980637709674,27,13,0.38461538461538464,4,1,8,0,True
p8% hard10.0% trail10% rsiNone,861.0664039686025,-0.13893359603139754,-0.31483980637709674,27,13,0.38461538461538464,4,1,8,0,True
p10% hard7.5% trail8% rsi65,860.3514664325469,-0.1396485335674531,-0.25471802249696185,25,12,0.25,2,1,9,0,True
p10% hard10.0% trail8% rsi65,860.3514664325469,-0.1396485335674531,-0.25471802249696185,25,12,0.25,2,0,10,0,True
p12% hard10.0% trail12% rsi70,860.2271937103819,-0.13977280628961808,-0.35947510470281163,21,10,0.3,3,4,3,0,True
p12% hard7.5% trail8% rsi55,859.5991729760177,-0.14040082702398227,-0.252288852429872,15,7,0.14285714285714285,1,1,5,0,True
p12% hard10.0% trail8% rsi55,859.5991729760177,-0.14040082702398227,-0.252288852429872,15,7,0.14285714285714285,1,0,6,0,True
p10% hard10.0% trail12% rsi60,859.1046258518988,-0.14089537414810116,-0.2663517674510394,17,8,0.375,3,3,2,0,True
p12% hard7.5% trail10% rsi65,859.0713311104012,-0.14092866888959887,-0.28604409049062907,21,10,0.3,1,3,6,0,True
p12% hard10.0% trail10% rsi65,858.1875909624009,-0.14181240903759906,-0.28643203591163224,21,10,0.3,1,0,9,0,True
p6% hard7.5% trail15% rsi70,858.0179109312979,-0.14198208906870202,-0.3184942152820477,25,12,0.5,6,6,0,0,True
p6% hard7.5% trail15% rsiNone,858.0179109312979,-0.14198208906870202,-0.3184942152820477,25,12,0.5,6,6,0,0,True
p12% hard5.0% trail10% rsi60,857.4346237715913,-0.1425653762284087,-0.2680675963856789,19,9,0.2222222222222222,1,4,4,0,True
p8% hard5.0% trail12% rsi60,856.5031328940916,-0.14349686710590848,-0.24415355334638,21,10,0.3,3,7,0,0,True
p8% hard5.0% trail15% rsi60,856.5031328940916,-0.14349686710590848,-0.24415355334638,21,10,0.3,3,7,0,0,True
p12% hard10.0% trail12% rsiNone,854.0150625532644,-0.14598493744673557,-0.35923249969470605,21,10,0.3,3,4,3,0,True
p8% hard10.0% trail12% rsi60,853.8599426712668,-0.14614005732873314,-0.2675769855472634,17,8,0.375,3,3,2,0,True
p8% hard10.0% trail12% rsi55,853.1652557470138,-0.14683474425298615,-0.27163212048987184,11,5,0.4,2,3,0,0,True
p8% hard10.0% trail15% rsi55,853.1652557470138,-0.14683474425298615,-0.27163212048987184,11,5,0.4,2,3,0,0,True
p12% hard5.0% trail15% rsi70,852.5606207907782,-0.1474393792092218,-0.3545189304726404,21,10,0.2,2,8,0,0,True
reentry drop5% timeout3,851.829674943062,-0.14817032505693806,-0.31022536416015944,19,9,0.3333333333333333,3,5,1,0,True
LIVE + QQQ above EMA21 entry,850.3035838350022,-0.14969641616499785,-0.27921886045488564,13,6,0.3333333333333333,2,3,1,0,True
p8% hard7.5% trail15% rsi60,848.8824286262554,-0.1511175713737446,-0.2878343073840963,17,8,0.375,3,4,1,0,True
p8% hard7.5% trail12% rsi70,848.0509916109819,-0.15194900838901815,-0.3120529851085687,23,11,0.36363636363636365,4,4,3,0,True
p8% hard7.5% trail12% rsiNone,848.0509916109819,-0.15194900838901815,-0.3120529851085687,23,11,0.36363636363636365,4,4,3,0,True
LIVE + VIX <= 20 entry,845.739480988723,-0.15426051901127702,-0.2900316011160343,17,8,0.375,3,4,1,0,True
p12% hard5.0% trail15% rsiNone,843.9490103553901,-0.15605098964460995,-0.35614726007621267,21,10,0.2,2,8,0,0,True
p10% hard7.5% trail8% rsi55,842.8727491026549,-0.15712725089734514,-0.252288852429872,15,7,0.14285714285714285,1,1,5,0,True
p10% hard10.0% trail8% rsi55,842.8727491026549,-0.15712725089734514,-0.252288852429872,15,7,0.14285714285714285,1,0,6,0,True
p10% hard5.0% trail10% rsi65,842.2424385384589,-0.15775756146154107,-0.27776487475377,25,12,0.25,2,6,4,0,True
p8% hard5.0% trail12% rsi65,842.1647455932535,-0.1578352544067465,-0.25920687318748203,23,11,0.2727272727272727,3,7,1,0,True
p6% hard10.0% trail12% rsi65,841.7578706587415,-0.15824212934125859,-0.2767439713089186,19,9,0.4444444444444444,4,3,2,0,True
reentry drop2% timeout5,841.6172651330963,-0.15838273486690368,-0.2469494543492533,21,10,0.4,4,5,1,0,True
p12% hard7.5% trail15% rsi70,841.575210852959,-0.15842478914704095,-0.4052833742333126,17,8,0.25,2,4,2,0,True
p10% hard7.5% trail15% rsi60,841.0301780698237,-0.15896982193017628,-0.32922023404171763,19,9,0.3333333333333333,3,5,1,0,True
p10% hard5.0% trail15% rsiNone,841.0123997010822,-0.15898760029891779,-0.32821401168578623,25,12,0.25,3,9,0,0,True
p10% hard5.0% trail15% rsi70,840.5828008710461,-0.1594171991289539,-0.325819976202289,25,12,0.25,3,9,0,0,True
p6% hard7.5% trail10% rsi60,840.3508230140461,-0.15964917698595393,-0.3028598163144183,25,12,0.4166666666666667,4,3,5,0,True
p6% hard10.0% trail10% rsi60,839.8941978226549,-0.16010580217734516,-0.30323862449914785,25,12,0.4166666666666667,4,1,7,0,True
p10% hard7.5% trail10% rsi60,839.6100562162691,-0.16038994378373095,-0.3106154493541974,23,11,0.36363636363636365,3,4,4,0,True
reentry drop2% timeout3,838.2889124226944,-0.16171108757730568,-0.3029747039046893,23,11,0.36363636363636365,4,5,2,0,True
p6% hard7.5% trail8% rsi55,838.2651795796695,-0.1617348204203305,-0.2361559953142105,17,8,0.25,2,1,5,0,True
p6% hard10.0% trail8% rsi55,838.2651795796695,-0.1617348204203305,-0.2361559953142105,17,8,0.25,2,0,6,0,True
p12% hard7.5% trail12% rsi70,838.2234731719951,-0.16177652682800492,-0.3653737097730967,23,11,0.2727272727272727,3,4,4,0,True
LIVE + macro strict,835.8683424076777,-0.1641316575923223,-0.27921886045488553,13,6,0.3333333333333333,2,3,1,0,True
LIVE + macro balanced,835.8683424076777,-0.1641316575923223,-0.27921886045488553,13,6,0.3333333333333333,2,3,1,0,True
p10% hard10.0% trail10% rsi60,834.768928776534,-0.16523107122346592,-0.3145903880057195,23,11,0.36363636363636365,3,1,7,0,True
p6% hard5.0% trail10% rsi55,831.2228894457223,-0.1687771105542777,-0.24257307099516723,19,9,0.3333333333333333,3,6,0,0,True
p6% hard5.0% trail12% rsi55,831.2228894457223,-0.1687771105542777,-0.24257307099516723,19,9,0.3333333333333333,3,6,0,0,True
p6% hard5.0% trail15% rsi55,831.2228894457223,-0.1687771105542777,-0.24257307099516723,19,9,0.3333333333333333,3,6,0,0,True
p8% hard7.5% trail8% rsi55,830.0549460667753,-0.16994505393322468,-0.252288852429872,15,7,0.14285714285714285,1,1,5,0,True
p8% hard10.0% trail8% rsi55,830.0549460667753,-0.16994505393322468,-0.252288852429872,15,7,0.14285714285714285,1,0,6,0,True
LIVE + VIX 5d spike <= 25%,828.0012917445771,-0.17199870825542296,-0.2872577038579518,17,8,0.375,3,4,1,0,True
p12% hard5.0% trail12% rsi55,827.22569648332,-0.17277430351668,-0.28044849941439143,15,7,0.14285714285714285,1,5,1,0,True
p6% hard7.5% trail10% rsi65,826.8498099424298,-0.17315019005757015,-0.3028598163144184,27,13,0.38461538461538464,4,3,6,0,True
p10% hard7.5% trail10% rsi65,826.1209442482703,-0.17387905575172968,-0.3106154493541977,25,12,0.3333333333333333,3,4,5,0,True
p8% hard7.5% trail15% rsi65,825.9998856226756,-0.17400011437732443,-0.3252220659599083,17,8,0.375,3,5,0,0,True
p6% hard10.0% trail10% rsi65,825.9992165784678,-0.17400078342153225,-0.30323862449914774,27,13,0.38461538461538464,4,1,8,0,True
p12% hard7.5% trail15% rsiNone,825.7957662757602,-0.17420423372423977,-0.41196673317927157,17,8,0.25,2,4,2,0,True
p12% hard7.5% trail12% rsiNone,825.5298958353284,-0.17447010416467168,-0.37019929071455404,23,11,0.2727272727272727,3,5,3,0,True
p12% hard10.0% trail15% rsi55,825.0545487771437,-0.17494545122285632,-0.2997878732305942,9,4,0.25,1,2,1,0,True
p8% hard5.0% trail10% rsi55,824.3133970880442,-0.1756866029119558,-0.2574608235096896,17,8,0.25,2,6,0,0,True
p8% hard5.0% trail12% rsi55,824.3133970880442,-0.1756866029119558,-0.2574608235096896,17,8,0.25,2,6,0,0,True
p8% hard5.0% trail15% rsi55,824.3133970880442,-0.1756866029119558,-0.2574608235096896,17,8,0.25,2,6,0,0,True
p10% hard10.0% trail12% rsi65,823.1803690912275,-0.1768196309087725,-0.30044110227028287,17,8,0.375,3,3,2,0,True
p8% hard5.0% trail15% rsi65,822.5880744896384,-0.17741192551036156,-0.27642709461721116,23,11,0.2727272727272727,3,7,1,0,True
p10% hard10.0% trail10% rsi65,820.9587385899018,-0.17904126141009813,-0.3145903880057195,25,12,0.3333333333333333,3,1,8,0,True
p12% hard10.0% trail10% rsi55,820.3467793490562,-0.1796532206509438,-0.28643203591163235,13,6,0.3333333333333333,1,0,5,0,True
p12% hard5.0% trail10% rsi55,819.269058249082,-0.18073094175091797,-0.2873694775771849,15,7,0.14285714285714285,1,5,1,0,True
p12% hard5.0% trail15% rsi55,818.9155865622619,-0.18108441343773818,-0.2876769403213275,15,7,0.14285714285714285,1,6,0,0,True
p8% hard7.5% trail10% rsi60,818.5695054675242,-0.18143049453247584,-0.3144673054057151,23,11,0.36363636363636365,3,3,5,0,True
p6% hard10.0% trail15% rsi70,818.4429018699334,-0.1815570981300666,-0.34274003995673497,21,10,0.5,5,5,0,0,True
p6% hard10.0% trail15% rsiNone,818.4429018699334,-0.1815570981300666,-0.34274003995673497,21,10,0.5,5,5,0,0,True
p10% hard7.5% trail15% rsi65,818.3593009636323,-0.1816406990363677,-0.3621158390283141,19,9,0.3333333333333333,3,6,0,0,True
p8% hard10.0% trail12% rsi65,818.1549972023046,-0.18184500279769544,-0.3047117867415098,17,8,0.375,3,3,2,0,True
p8% hard10.0% trail10% rsi60,818.1247156882266,-0.18187528431177336,-0.31483980637709663,23,11,0.36363636363636365,3,1,7,0,True
p10% hard7.5% trail12% rsiNone,816.1864877696497,-0.18381351223035025,-0.34804451571710215,25,12,0.3333333333333333,4,5,3,0,True
p10% hard5.0% trail12% rsi60,815.8177378773938,-0.18418226212260613,-0.27424426065178664,21,10,0.2,2,7,1,0,True
p10% hard7.5% trail12% rsi70,815.7695703016536,-0.18423042969834635,-0.34572114995749337,25,12,0.3333333333333333,4,5,3,0,True
p10% hard5.0% trail10% rsi60,815.5787459411177,-0.1844212540588822,-0.27776487475377,23,11,0.18181818181818182,2,6,3,0,True
p6% hard7.5% trail12% rsi70,812.9446669300245,-0.18705533306997557,-0.3239154361982246,27,13,0.38461538461538464,5,5,3,0,True
p6% hard7.5% trail12% rsiNone,812.9446669300245,-0.18705533306997557,-0.3239154361982246,27,13,0.38461538461538464,5,5,3,0,True
LIVE current swing,811.4975056979697,-0.18850249430203025,-0.28725770385795213,19,9,0.3333333333333333,3,4,2,0,True
p8% hard7.5% trail12% rsi60,811.4975056979697,-0.18850249430203025,-0.28725770385795213,19,9,0.3333333333333333,3,4,2,0,True
LIVE + VIX <= 25 entry,811.4975056979697,-0.18850249430203025,-0.28725770385795213,19,9,0.3333333333333333,3,4,2,0,True
LIVE + early score <= 2 entry,811.4975056979697,-0.18850249430203025,-0.28725770385795213,19,9,0.3333333333333333,3,4,2,0,True
LIVE + avoid 10d parabolic >25%,811.4975056979697,-0.18850249430203025,-0.28725770385795213,19,9,0.3333333333333333,3,4,2,0,True
LIVE + avoid 10d parabolic >30%,811.4975056979697,-0.18850249430203025,-0.28725770385795213,19,9,0.3333333333333333,3,4,2,0,True
LIVE + QQQ ADX >= 15,811.4975056979697,-0.18850249430203025,-0.28725770385795213,19,9,0.3333333333333333,3,4,2,0,True
LIVE + QQQ ADX >= 18,811.4975056979697,-0.18850249430203025,-0.28725770385795213,19,9,0.3333333333333333,3,4,2,0,True
LIVE + QQQ ADX >= 20,811.4975056979697,-0.18850249430203025,-0.28725770385795213,19,9,0.3333333333333333,3,4,2,0,True
reentry drop3% timeout3,811.4975056979697,-0.18850249430203025,-0.28725770385795213,19,9,0.3333333333333333,3,4,2,0,True
p10% hard5.0% trail12% rsi55,811.1292086395563,-0.1888707913604437,-0.28044849941439143,15,7,0.14285714285714285,1,5,1,0,True
p12% hard10.0% trail15% rsi70,808.729032417552,-0.191270967582448,-0.3978206192497432,15,7,0.2857142857142857,2,3,2,0,True
p10% hard5.0% trail15% rsi60,807.6222295582844,-0.19237777044171556,-0.281535027845627,21,10,0.2,2,8,0,0,True
p8% hard7.5% trail10% rsi65,805.41842940419,-0.19458157059581005,-0.314467305405715,25,12,0.3333333333333333,3,3,6,0,True
p8% hard10.0% trail10% rsi65,804.5898828374178,-0.19541011716258216,-0.31483980637709663,25,12,0.3333333333333333,3,1,8,0,True
reentry drop3% timeout10,804.514349196461,-0.19548565080353897,-0.20198375360876142,14,7,0.2857142857142857,2,4,1,0,False
p10% hard5.0% trail10% rsi55,803.3273938484961,-0.19667260615150395,-0.2873694775771849,15,7,0.14285714285714285,1,5,1,0,True
p10% hard5.0% trail15% rsi55,802.9808001548696,-0.1970191998451304,-0.2876769403213275,15,7,0.14285714285714285,1,6,0,0,True
p12% hard10.0% trail15% rsiNone,802.8887952608106,-0.19711120473918942,-0.39759253797668037,15,7,0.2857142857142857,2,3,2,0,True
p10% hard5.0% trail12% rsi65,802.1604490207213,-0.19783955097927863,-0.30512616175361673,23,11,0.18181818181818182,2,7,2,0,True
p12% hard5.0% trail15% rsi60,802.0874450403445,-0.19791255495965554,-0.31211913394915414,17,8,0.125,1,7,0,0,True
p6% hard7.5% trail15% rsi60,801.9460989733409,-0.1980539010266591,-0.3139840560718822,21,10,0.4,4,5,1,0,True
p10% hard10.0% trail15% rsiNone,800.6989529386763,-0.1993010470613238,-0.37254531433779015,17,8,0.375,3,4,1,0,True
p10% hard10.0% trail15% rsi70,800.2899466820319,-0.1997100533179681,-0.37030926177359225,17,8,0.375,3,4,1,0,True
p12% hard10.0% trail12% rsi60,799.9824886096415,-0.2000175113903585,-0.32525978188131477,17,8,0.25,2,4,2,0,True
LIVE + VIX 5d spike <= 15%,798.3895900422305,-0.20161040995776958,-0.31274741320313326,19,9,0.3333333333333333,3,5,1,0,True
p8% hard7.5% trail12% rsi65,789.8644782741583,-0.2101355217258417,-0.3052117419060729,21,10,0.3,3,4,3,0,True
p6% hard7.5% trail12% rsi60,788.3825174870741,-0.2116174825129259,-0.31398405607188196,23,11,0.36363636363636365,4,5,2,0,True
p12% hard7.5% trail12% rsi60,783.7621901698111,-0.21623780983018892,-0.3278515390349074,19,9,0.2222222222222222,2,4,3,0,True
p10% hard10.0% trail10% rsi55,781.4192511898526,-0.21858074881014733,-0.3068041579673909,15,7,0.2857142857142857,2,1,4,0,True
p6% hard7.5% trail15% rsi65,780.3287754459744,-0.21967122455402555,-0.33685743912915267,21,10,0.4,4,6,0,0,True
p12% hard7.5% trail15% rsi60,779.794479120411,-0.220205520879589,-0.3757902165432877,13,6,0.16666666666666666,1,3,2,0,True
p6% hard10.0% trail15% rsi60,779.384951232175,-0.220615048767825,-0.3122833929883747,17,8,0.375,3,4,1,0,True
p10% hard7.5% trail12% rsi60,778.9746175592588,-0.2210253824407412,-0.3292202340417175,21,10,0.3,3,5,2,0,True
p12% hard10.0% trail12% rsi55,778.9029568144155,-0.22109704318558454,-0.3389560766056472,11,5,0.2,1,3,1,0,True
p6% hard10.0% trail10% rsi55,778.8328481607462,-0.22116715183925384,-0.3032386244991476,17,8,0.375,3,1,4,0,True
p10% hard5.0% trail15% rsi65,775.6427142100429,-0.22435728578995717,-0.32809722719568746,23,11,0.18181818181818182,2,8,1,0,True
p8% hard10.0% trail15% rsi70,770.7669486671205,-0.22923305133287952,-0.39593245849472536,21,10,0.4,4,5,1,0,True
p8% hard10.0% trail15% rsiNone,770.7669486671205,-0.22923305133287952,-0.39593245849472536,21,10,0.4,4,5,1,0,True
p12% hard5.0% trail15% rsi65,770.327091225754,-0.22967290877424607,-0.35669924189527935,19,9,0.1111111111111111,1,7,1,0,True
p6% hard7.5% trail12% rsi65,767.3656930341359,-0.23263430696586407,-0.31719215834934644,25,12,0.3333333333333333,4,5,3,0,True
p12% hard10.0% trail12% rsi65,766.5304788543035,-0.23346952114569652,-0.3704460903298765,17,8,0.25,2,4,2,0,True
p10% hard10.0% trail15% rsi60,764.4039794773166,-0.23559602052268336,-0.33287865188161836,15,7,0.2857142857142857,2,4,1,0,True
p12% hard7.5% trail12% rsi65,762.8685351251087,-0.23713146487489134,-0.3629278879452019,21,10,0.2,2,4,4,0,True
p12% hard7.5% trail15% rsi65,758.7742764389827,-0.24122572356101724,-0.40856040601817767,13,6,0.16666666666666666,1,4,1,0,True
p8% hard10.0% trail10% rsi55,758.6460343719436,-0.24135396562805633,-0.3166137981013373,15,7,0.2857142857142857,2,1,4,0,True
p10% hard7.5% trail12% rsi65,758.2085903739774,-0.24179140962602264,-0.3431995880278864,23,11,0.2727272727272727,3,5,3,0,True
p12% hard10.0% trail15% rsi60,756.3926445564748,-0.2436073554435252,-0.3620253627571042,13,6,0.16666666666666666,1,3,2,0,True
reentry drop5% timeout5,751.7610014102062,-0.2482389985897938,-0.29075087810370637,13,6,0.16666666666666666,1,4,1,0,True
p6% hard10.0% trail15% rsi65,742.7744635629904,-0.2572255364370096,-0.3617925920795928,17,8,0.375,3,4,1,0,True
p10% hard7.5% trail15% rsi55,733.9719528316076,-0.26602804716839235,-0.41412578160511004,13,6,0.16666666666666666,1,5,0,0,True
p12% hard7.5% trail15% rsi55,733.9719528316076,-0.26602804716839235,-0.41412578160511004,13,6,0.16666666666666666,1,5,0,0,True
p8% hard10.0% trail15% rsi60,732.5221706464172,-0.2674778293535828,-0.3607029906589563,19,9,0.3333333333333333,3,5,1,0,True
p10% hard10.0% trail15% rsi65,728.4972014202262,-0.2715027985797738,-0.38090518389386085,15,7,0.2857142857142857,2,4,1,0,True
p12% hard10.0% trail15% rsi65,720.8621874404924,-0.27913781255950754,-0.40795360268671266,13,6,0.16666666666666666,1,3,2,0,True
LIVE + ADX18 and EMA21 slope,709.6629922443708,-0.2903370077556292,-0.33046825633753485,11,5,0.0,0,4,1,0,True
p8% hard10.0% trail15% rsi65,698.1129947270506,-0.3018870052729494,-0.4067264290799377,19,9,0.3333333333333333,3,5,1,0,True
p8% hard7.5% trail15% rsi55,694.0328620686938,-0.30596713793130614,-0.41412578160511004,13,6,0.16666666666666666,1,5,0,0,True
p6% hard7.5% trail15% rsi55,686.256960848735,-0.313743039151265,-0.41412578160511004,13,6,0.16666666666666666,1,5,0,0,True
p12% hard7.5% trail10% rsi55,684.4668632174294,-0.31553313678257067,-0.40462541163437293,15,7,0.14285714285714285,1,4,2,0,True
reentry drop5% timeout1,679.3162867800006,-0.32068371321999944,-0.376498953635618,23,11,0.2727272727272727,3,7,1,0,True
reentry drop3% timeout5,679.2194294794133,-0.3207805705205867,-0.3591902439345729,15,7,0.14285714285714285,1,5,1,0,True
p12% hard7.5% trail12% rsi55,673.5448511592289,-0.3264551488407711,-0.41412578160511004,15,7,0.14285714285714285,1,5,1,0,True
reentry drop3% timeout1,672.0451039475263,-0.32795489605247374,-0.38317270810401716,25,12,0.25,3,7,2,0,True
p10% hard7.5% trail10% rsi55,671.1482337429392,-0.3288517662570608,-0.40462541163437293,15,7,0.14285714285714285,1,4,2,0,True
reentry drop2% timeout1,670.7041359044127,-0.3292958640955873,-0.3844034970521014,25,12,0.25,3,7,2,0,True
p8% hard7.5% trail10% rsi55,660.9418937264253,-0.3390581062735747,-0.40462541163437293,15,7,0.14285714285714285,1,4,2,0,True
p10% hard7.5% trail12% rsi55,660.4387465556074,-0.3395612534443926,-0.41412578160511004,15,7,0.14285714285714285,1,5,1,0,True
p6% hard7.5% trail10% rsi55,653.381820334878,-0.3466181796651221,-0.40462541163437293,15,7,0.14285714285714285,1,4,2,0,True
p8% hard7.5% trail12% rsi55,650.3952687238403,-0.34960473127615965,-0.41412578160511004,15,7,0.14285714285714285,1,5,1,0,True
p6% hard7.5% trail12% rsi55,642.9558311397815,-0.3570441688602185,-0.41412578160511004,15,7,0.14285714285714285,1,5,1,0,True
